"cardId"	"cardName"	"cardType"	"stage3AScope"	"abilityCount"	"ordinaryEntryCount"	"simpleEntryCount"	"paymentEntryCount"	"targetEntryCount"	"optionalEntryCount"	"deferredEntryCount"	"ordinaryAbilityIds"	"deferredAbilityIds"
"S01-0001"	"黑胡子蒂奇"	"legion"	"3A-entry-with-deferred-semantics"	"2"	"2"	"0"	"2"	"0"	"1"	"2"	"S01-0001:ability:enter:9cf50e2bf6ea81ef;S01-0001:ability:death:efe619e31179fd41"	"S01-0001:ability:enter:9cf50e2bf6ea81ef;S01-0001:ability:death:efe619e31179fd41"
"S01-0002"	"佣兵部队"	"legion"	"non-3A-only"	"2"	"0"	"0"	"0"	"0"	"0"	"1"	""	"S01-0002:ability:reaction:a472c4e7c34abf4b"
"S01-0003"	"攻城投石车"	"legion"	"3A-ordinary-present"	"2"	"1"	"1"	"1"	"0"	"0"	"0"	"S01-0003:ability:active:73c59f9367069790"	""
"S01-0004"	"无名的渗透者"	"legion"	"3A-ordinary-present"	"3"	"2"	"2"	"1"	"0"	"1"	"0"	"S01-0004:ability:active:6f9f6988e1ea4be0;S01-0004:ability:death:17a2eed7427d41ed"	""
"S01-0005"	"万箭齐发"	"tactic"	"3A-entry-with-deferred-semantics"	"1"	"1"	"0"	"0"	"1"	"0"	"1"	"S01-0005:ability:play:4e2f35a88184b107"	"S01-0005:ability:play:4e2f35a88184b107"
"S01-0006"	"邪恶仪式"	"tactic"	"3A-entry-with-deferred-semantics"	"1"	"1"	"0"	"1"	"0"	"0"	"1"	"S01-0006:ability:play:4d15c0a265cfe9f2"	"S01-0006:ability:play:4d15c0a265cfe9f2"
"S01-0007"	"野外扎营"	"tactic"	"3A-entry-with-deferred-semantics"	"1"	"1"	"0"	"1"	"1"	"1"	"1"	"S01-0007:ability:play:82f7ea36d410ae48"	"S01-0007:ability:play:82f7ea36d410ae48"
"S01-0008"	"兵临城下"	"tactic"	"3A-entry-with-deferred-semantics"	"1"	"1"	"0"	"0"	"0"	"0"	"1"	"S01-0008:ability:play:1fcd2474054827d4"	"S01-0008:ability:play:1fcd2474054827d4"
"S01-0009"	"战略转移"	"tactic"	"3A-entry-with-deferred-semantics"	"1"	"1"	"0"	"0"	"1"	"0"	"1"	"S01-0009:ability:play:a31f5ca9e9313984"	"S01-0009:ability:play:a31f5ca9e9313984"
"S01-0010"	"伪造密令"	"tactic"	"3A-entry-with-deferred-semantics"	"1"	"1"	"0"	"0"	"1"	"0"	"1"	"S01-0010:ability:play:6b9ba699d4812087"	"S01-0010:ability:play:6b9ba699d4812087"
"S01-0011"	"瘟疫感染"	"tactic"	"3A-entry-with-deferred-semantics"	"1"	"1"	"0"	"0"	"1"	"0"	"1"	"S01-0011:ability:play:a95a1e71bf8c0d92"	"S01-0011:ability:play:a95a1e71bf8c0d92"
"S01-0012"	"全军出击"	"tactic"	"3A-ordinary-present"	"1"	"1"	"1"	"0"	"0"	"0"	"0"	"S01-0012:ability:play:05362a9e85146d04"	""
"S01-0013"	"前线侦查"	"tactic"	"3A-entry-with-deferred-semantics"	"1"	"1"	"0"	"1"	"1"	"1"	"1"	"S01-0013:ability:play:e4eac467c9b7836c"	"S01-0013:ability:play:e4eac467c9b7836c"
"S01-0014"	"祭天仪式"	"tactic"	"3A-entry-with-deferred-semantics"	"1"	"1"	"0"	"0"	"0"	"0"	"1"	"S01-0014:ability:play:cec63f278f7e075f"	"S01-0014:ability:play:cec63f278f7e075f"
"S01-0015"	"议和谈判"	"tactic"	"3A-entry-with-deferred-semantics"	"1"	"1"	"0"	"0"	"0"	"0"	"1"	"S01-0015:ability:play:d3978ea1392a76f1"	"S01-0015:ability:play:d3978ea1392a76f1"
"S01-0016"	"绝对防御"	"tactic"	"non-3A-only"	"1"	"0"	"0"	"0"	"0"	"0"	"1"	""	"S01-0016:ability:reaction:eda8f9987e9ccfe3"
"S01-0017"	"拼死反抗"	"tactic"	"non-3A-only"	"1"	"0"	"0"	"0"	"0"	"0"	"1"	""	"S01-0017:ability:reaction:2daa504e0ab12865"
"S01-0018"	"落穴陷阱"	"tactic"	"non-3A-only"	"1"	"0"	"0"	"0"	"0"	"0"	"1"	""	"S01-0018:ability:reaction:248207b49df4bd77"
"S01-0019"	"伏击"	"tactic"	"non-3A-only"	"1"	"0"	"0"	"0"	"0"	"0"	"1"	""	"S01-0019:ability:reaction:8828f6a3bf87ce59"
"S01-0020"	"战斗至黎明"	"tactic"	"non-3A-only"	"1"	"0"	"0"	"0"	"0"	"0"	"1"	""	"S01-0020:ability:reaction:f099e096c2d7437b"
"S01-0021"	"摄政皇权"	"tactic"	"non-3A-only"	"1"	"0"	"0"	"0"	"0"	"0"	"1"	""	"S01-0021:ability:reaction:a0a418c3c31334fb"
"S01-00C1"	"士气·通用"	"rune"	"non-3A-only"	"1"	"0"	"0"	"0"	"0"	"0"	"0"	""	""
"S01-0101"	"吕布"	"legion"	"3A-entry-with-deferred-semantics"	"5"	"2"	"0"	"2"	"0"	"2"	"2"	"S01-0101:ability:after-attack:a89315144e297dfc;S01-0101:ability:enter:5dfde2f721ac6c21"	"S01-0101:ability:after-attack:a89315144e297dfc;S01-0101:ability:enter:5dfde2f721ac6c21"
"S01-0102"	"武则天"	"legion"	"3A-ordinary-present"	"2"	"2"	"1"	"1"	"1"	"1"	"1"	"S01-0102:ability:enter:20edaa1cc11c4de3;S01-0102:ability:death:c1581c3f5243c374"	"S01-0102:ability:enter:20edaa1cc11c4de3"
"S01-0103"	"李靖"	"legion"	"3A-entry-with-deferred-semantics"	"1"	"1"	"0"	"1"	"1"	"1"	"1"	"S01-0103:ability:enter:46c35ac58c1f7cec"	"S01-0103:ability:enter:46c35ac58c1f7cec"
"S01-0104"	"韩信"	"legion"	"3A-entry-with-deferred-semantics"	"2"	"1"	"0"	"1"	"0"	"1"	"1"	"S01-0104:ability:attack:dca347f8b8ee1cd7"	"S01-0104:ability:attack:dca347f8b8ee1cd7"
"S01-0105"	"刘备"	"legion"	"3A-entry-with-deferred-semantics"	"2"	"2"	"0"	"2"	"2"	"2"	"2"	"S01-0105:ability:enter:ee4ec5ee9f9e1cce;S01-0105:ability:active:0e81cd47a6221fd8"	"S01-0105:ability:enter:ee4ec5ee9f9e1cce;S01-0105:ability:active:0e81cd47a6221fd8"
"S01-0106"	"关羽"	"legion"	"3A-entry-with-deferred-semantics"	"2"	"1"	"0"	"1"	"0"	"1"	"1"	"S01-0106:ability:attack:9165425af3015018"	"S01-0106:ability:attack:9165425af3015018"
"S01-0107"	"张飞"	"legion"	"non-3A-only"	"2"	"0"	"0"	"0"	"0"	"0"	"0"	""	""
"S01-0108"	"花木兰"	"legion"	"3A-entry-with-deferred-semantics"	"2"	"2"	"0"	"1"	"1"	"1"	"2"	"S01-0108:ability:enter:312dd6c6c15d7a5f;S01-0108:ability:death:5bd627fade87c4f9"	"S01-0108:ability:enter:312dd6c6c15d7a5f;S01-0108:ability:death:5bd627fade87c4f9"
"S01-0109"	"白起"	"legion"	"3A-ordinary-present"	"2"	"2"	"2"	"1"	"0"	"0"	"0"	"S01-0109:ability:enter:987ca9f7eb3ce489;S01-0109:ability:active:88c64e7a7e50fb25"	""
"S01-0110"	"墨子"	"legion"	"3A-ordinary-present"	"3"	"2"	"1"	"1"	"1"	"1"	"1"	"S01-0110:ability:enter:eeb5f5bd6f78bbd4;S01-0110:ability:death:8a11998853c0aa4d"	"S01-0110:ability:enter:eeb5f5bd6f78bbd4"
"S01-0111"	"诸葛亮"	"legion"	"3A-entry-with-deferred-semantics"	"4"	"3"	"0"	"1"	"2"	"2"	"3"	"S01-0111:ability:enter:66f869c856a21839;S01-0111:ability:attack:9978ebecafb4bcd8;S01-0111:ability:death:1bb463344321f1bb"	"S01-0111:ability:enter:66f869c856a21839;S01-0111:ability:attack:9978ebecafb4bcd8;S01-0111:ability:death:1bb463344321f1bb"
"S01-0112"	"孙武"	"legion"	"3A-entry-with-deferred-semantics"	"3"	"2"	"0"	"1"	"1"	"2"	"2"	"S01-0112:ability:enter:91366d15403c1a7f;S01-0112:ability:death:c91a9e71e9680c3d"	"S01-0112:ability:enter:91366d15403c1a7f;S01-0112:ability:death:c91a9e71e9680c3d"
"S01-0113"	"养由基"	"legion"	"3A-ordinary-present"	"2"	"1"	"1"	"1"	"0"	"0"	"0"	"S01-0113:ability:active:e1b5cdab435b4c1f"	""
"S01-0114"	"秦良玉"	"legion"	"3A-entry-with-deferred-semantics"	"3"	"1"	"0"	"0"	"0"	"0"	"1"	"S01-0114:ability:enter:89b2c77605906107"	"S01-0114:ability:enter:89b2c77605906107"
"S01-0115"	"荆轲"	"legion"	"3A-ordinary-present"	"3"	"2"	"1"	"1"	"0"	"2"	"1"	"S01-0115:ability:enter:9207ec0f85a3108c;S01-0115:ability:death:02a4c394eda56050"	"S01-0115:ability:death:02a4c394eda56050"
"S01-0116"	"西施"	"legion"	"non-3A-only"	"2"	"0"	"0"	"0"	"0"	"0"	"1"	""	"S01-0116:ability:static:74c527aaab5e91cd"
"S01-0117"	"山河社稷图"	"artifact"	"3A-ordinary-present"	"2"	"2"	"2"	"1"	"1"	"0"	"0"	"S01-0117:ability:enter:62b39a2956892655;S01-0117:ability:active:ba48403c4da1e24c"	""
"S01-0118"	"神妙行军"	"tactic"	"3A-entry-with-deferred-semantics"	"1"	"1"	"0"	"1"	"1"	"1"	"1"	"S01-0118:ability:play:5a3bc969a95c080b"	"S01-0118:ability:play:5a3bc969a95c080b"
"S01-0119"	"观星"	"tactic"	"3A-entry-with-deferred-semantics"	"1"	"1"	"0"	"0"	"0"	"1"	"1"	"S01-0119:ability:play:6f8f56dae56f79ce"	"S01-0119:ability:play:6f8f56dae56f79ce"
"S01-0120"	"空城计"	"tactic"	"non-3A-only"	"1"	"0"	"0"	"0"	"0"	"0"	"1"	""	"S01-0120:ability:reaction:0865f062354681b2"
"S01-01C1"	"士气·天廷"	"rune"	"3A-ordinary-present"	"2"	"2"	"2"	"1"	"0"	"2"	"0"	"S01-01C1:ability:active:3a8789b35c0c2be4;S01-01C1:ability:morale-returned-to-zero:1ba329603e34870a"	""
"S01-01D1"	"凌霄宝殿"	"divinity"	"3A-ordinary-present"	"3"	"2"	"1"	"1"	"1"	"0"	"2"	"S01-01D1:ability:active:32505e4556bad1b8;S01-01D1:ability:setup:281db2829152b981"	"S01-01D1:ability:static:103012fd4239104f;S01-01D1:ability:active:32505e4556bad1b8"
"S01-01M1"	"杨戬"	"master"	"3A-ordinary-present"	"4"	"1"	"1"	"0"	"0"	"1"	"1"	"S01-01M1:ability:death:ee5adb706424f233"	"S01-01M1:ability:static:c03878ecc263c0e6"
"S01-01M2"	"孟婆"	"master"	"non-3A-only"	"1"	"0"	"0"	"0"	"0"	"0"	"0"	""	""
"S01-0201"	"图特摩斯三世"	"legion"	"3A-entry-with-deferred-semantics"	"4"	"3"	"0"	"0"	"0"	"0"	"3"	"S01-0201:ability:enter:9a481888b22aee09;S01-0201:ability:attack:5232e2abcec6d049;S01-0201:ability:death:3be85aa38d99c0d3"	"S01-0201:ability:enter:9a481888b22aee09;S01-0201:ability:attack:5232e2abcec6d049;S01-0201:ability:death:3be85aa38d99c0d3"
"S01-0202"	"拉美西斯二世"	"legion"	"3A-entry-with-deferred-semantics"	"2"	"1"	"0"	"0"	"1"	"0"	"1"	"S01-0202:ability:enter:488058d9c4033af4"	"S01-0202:ability:enter:488058d9c4033af4"
"S01-0203"	"美尼斯"	"legion"	"3A-entry-with-deferred-semantics"	"2"	"1"	"0"	"1"	"0"	"1"	"1"	"S01-0203:ability:attack:31291f70ecb6b701"	"S01-0203:ability:attack:31291f70ecb6b701"
"S01-0204"	"陵墓构造体"	"legion"	"3A-ordinary-present"	"5"	"3"	"1"	"0"	"0"	"0"	"2"	"S01-0204:ability:enter:a96863e7cb33076c;S01-0204:ability:death:1b878fe13df989c4;S01-0204:ability:leave:a59801f7c2874f4a"	"S01-0204:ability:enter:a96863e7cb33076c;S01-0204:ability:death:1b878fe13df989c4"
"S01-0205"	"霍列姆赫布"	"legion"	"3A-ordinary-present"	"2"	"2"	"1"	"1"	"0"	"2"	"1"	"S01-0205:ability:enter:a9cc0bdbb6a76a11;S01-0205:ability:death:7016351513168cdb"	"S01-0205:ability:enter:a9cc0bdbb6a76a11"
"S01-0206"	"萨拉丁"	"legion"	"3A-entry-with-deferred-semantics"	"4"	"3"	"0"	"0"	"1"	"1"	"3"	"S01-0206:ability:attack:2156a411dc545613;S01-0206:ability:attack:a15431bc0cfd61a3;S01-0206:ability:death:d2ce1ed43fd89bd5"	"S01-0206:ability:attack:2156a411dc545613;S01-0206:ability:attack:a15431bc0cfd61a3;S01-0206:ability:death:d2ce1ed43fd89bd5"
"S01-0207"	"图坦卡蒙"	"legion"	"3A-entry-with-deferred-semantics"	"2"	"2"	"0"	"0"	"1"	"2"	"2"	"S01-0207:ability:enter:c61f303228aa2386;S01-0207:ability:death:092c045b23fa41ce"	"S01-0207:ability:enter:c61f303228aa2386;S01-0207:ability:death:092c045b23fa41ce"
"S01-0208"	"阿伊"	"legion"	"3A-entry-with-deferred-semantics"	"3"	"2"	"0"	"1"	"1"	"1"	"2"	"S01-0208:ability:enter:9a52c746ee2c72ba;S01-0208:ability:attack:93868193b6cdce88"	"S01-0208:ability:enter:9a52c746ee2c72ba;S01-0208:ability:attack:93868193b6cdce88"
"S01-0209"	"纳芙蒂蒂"	"legion"	"3A-entry-with-deferred-semantics"	"3"	"2"	"0"	"0"	"0"	"0"	"2"	"S01-0209:ability:enter:fce4676c6a9c75ee;S01-0209:ability:death:af4a4ddd4ac17507"	"S01-0209:ability:enter:fce4676c6a9c75ee;S01-0209:ability:death:af4a4ddd4ac17507"
"S01-0210"	"尼托克丽丝"	"legion"	"3A-ordinary-present"	"3"	"2"	"1"	"0"	"1"	"0"	"1"	"S01-0210:ability:enter:9f4567a56f4d7190;S01-0210:ability:death:601fa9db2745d075"	"S01-0210:ability:death:601fa9db2745d075"
"S01-0211"	"托勒密十三世"	"legion"	"3A-entry-with-deferred-semantics"	"2"	"1"	"0"	"0"	"0"	"0"	"1"	"S01-0211:ability:enter:329b99bbae76f963"	"S01-0211:ability:enter:329b99bbae76f963"
"S01-0212"	"陵墓守卫"	"legion"	"non-3A-only"	"3"	"0"	"0"	"0"	"0"	"0"	"0"	""	""
"S01-0213"	"锡瓦的卡巴"	"legion"	"3A-ordinary-present"	"2"	"1"	"1"	"0"	"0"	"1"	"0"	"S01-0213:ability:after-attack:bf52deb7316f89d3"	""
"S01-0214"	"克利奥帕特拉七世"	"legion"	"3A-ordinary-present"	"2"	"1"	"1"	"1"	"0"	"1"	"0"	"S01-0214:ability:active:30e47404439f2371"	""
"S01-0215"	"安卡神碑"	"artifact"	"3A-ordinary-present"	"4"	"4"	"3"	"3"	"3"	"0"	"1"	"S01-0215:ability:enter:d233a71e98f8438c;S01-0215:ability:active:6984859bdd4fa8b1;S01-0215:ability:mode-ready-guard:3e3294affff84b58;S01-0215:ability:mode-rest-and-draw:8c1a03af8e682c53"	"S01-0215:ability:enter:d233a71e98f8438c"
"S01-0216"	"卡诺匹斯箱"	"artifact"	"3A-entry-with-deferred-semantics"	"2"	"1"	"0"	"1"	"1"	"0"	"1"	"S01-0216:ability:enter:58513d214cc06638"	"S01-0216:ability:enter:58513d214cc06638"
"S01-0217"	"卡诺匹斯罐 一"	"artifact"	"3A-entry-with-deferred-semantics"	"2"	"1"	"0"	"1"	"1"	"0"	"1"	"S01-0217:ability:enter:91e4d84326a54571"	"S01-0217:ability:enter:91e4d84326a54571"
"S01-0218"	"卡诺匹斯罐 二"	"artifact"	"3A-entry-with-deferred-semantics"	"2"	"1"	"0"	"1"	"0"	"0"	"1"	"S01-0218:ability:enter:b1ce769580688e47"	"S01-0218:ability:enter:b1ce769580688e47"
"S01-0219"	"卡诺匹斯罐 三"	"artifact"	"3A-entry-with-deferred-semantics"	"2"	"1"	"0"	"1"	"0"	"0"	"1"	"S01-0219:ability:enter:f4375cd8630da57a"	"S01-0219:ability:enter:f4375cd8630da57a"
"S01-0220"	"卡诺匹斯罐 四"	"artifact"	"3A-ordinary-present"	"3"	"2"	"1"	"1"	"1"	"0"	"1"	"S01-0220:ability:enter:c2ed29068ec3f21b;S01-0220:ability:death:00f139f8bc316591"	"S01-0220:ability:enter:c2ed29068ec3f21b"
"S01-0221"	"杜阿特之门"	"tactic"	"3A-entry-with-deferred-semantics"	"1"	"1"	"0"	"0"	"1"	"0"	"1"	"S01-0221:ability:play:4b2b6b45cea1e729"	"S01-0221:ability:play:4b2b6b45cea1e729"
"S01-0222"	"法老王的庆典"	"tactic"	"3A-entry-with-deferred-semantics"	"1"	"1"	"0"	"0"	"1"	"0"	"1"	"S01-0222:ability:play:febc4eed18b7b3f5"	"S01-0222:ability:play:febc4eed18b7b3f5"
"S01-0223"	"不朽之礼"	"tactic"	"non-3A-only"	"1"	"0"	"0"	"0"	"0"	"0"	"1"	""	"S01-0223:ability:reaction:0d9f2aa88ce12c5f"
"S01-0224"	"智慧法典 卷一"	"tactic"	"non-3A-only"	"1"	"0"	"0"	"0"	"0"	"0"	"1"	""	"S01-0224:ability:reaction:e6d8b17383b706ad"
"S01-02C1"	"士气·太阳城"	"rune"	"non-3A-only"	"2"	"0"	"0"	"0"	"0"	"0"	"0"	""	""
"S01-02D1"	"众神之乡"	"divinity"	"3A-ordinary-present"	"4"	"1"	"1"	"0"	"0"	"0"	"1"	"S01-02D1:ability:setup:281db2829152b981"	"S01-02D1:ability:static:dbf8222a61a31140"
"S01-02M1"	"伊西斯"	"master"	"non-3A-only"	"2"	"0"	"0"	"0"	"0"	"0"	"0"	""	""
"S01-02M2"	"复苏的奥西里斯"	"master"	"non-3A-only"	"1"	"0"	"0"	"0"	"0"	"0"	"0"	""	""
"S01-02M3"	"梅杰德"	"master"	"non-3A-only"	"3"	"0"	"0"	"0"	"0"	"0"	"0"	""	""
"S01-0301"	"贝奥武夫"	"legion"	"3A-ordinary-present"	"4"	"3"	"2"	"2"	"0"	"2"	"1"	"S01-0301:ability:enter:2b2a177bd7b1381b;S01-0301:ability:attack:6eb088eeb2f5b38f;S01-0301:ability:death:2f45ff3d516b1628"	"S01-0301:ability:enter:2b2a177bd7b1381b"
"S01-0302"	"金发哈拉尔"	"legion"	"3A-ordinary-present"	"3"	"2"	"2"	"0"	"0"	"0"	"0"	"S01-0302:ability:attack:e1925644421ebcfc;S01-0302:ability:death:245b8340cc94aed0"	""
"S01-0303"	"传奇的拉格纳"	"legion"	"3A-ordinary-present"	"3"	"2"	"1"	"1"	"0"	"1"	"1"	"S01-0303:ability:enter:ad235a4ffdc55fe7;S01-0303:ability:death:d26c9c0565422dce"	"S01-0303:ability:death:d26c9c0565422dce"
"S01-0304"	"无情者哈拉尔"	"legion"	"3A-ordinary-present"	"3"	"2"	"1"	"0"	"1"	"1"	"1"	"S01-0304:ability:enter:746ece3973c3f91f;S01-0304:ability:death:0d6332e67771e0c7"	"S01-0304:ability:death:0d6332e67771e0c7"
"S01-0305"	"勇士比约恩"	"legion"	"3A-entry-with-deferred-semantics"	"2"	"1"	"0"	"1"	"0"	"1"	"1"	"S01-0305:ability:death:4459928b1e637a61"	"S01-0305:ability:death:4459928b1e637a61"
"S01-0306"	"奥拉夫二世"	"legion"	"3A-entry-with-deferred-semantics"	"3"	"2"	"0"	"2"	"0"	"2"	"2"	"S01-0306:ability:attack:4baebddb65fe13d0;S01-0306:ability:death:a6393afdf779878c"	"S01-0306:ability:attack:4baebddb65fe13d0;S01-0306:ability:death:a6393afdf779878c"
"S01-0307"	"阿尔维达"	"legion"	"3A-entry-with-deferred-semantics"	"2"	"1"	"0"	"0"	"0"	"0"	"1"	"S01-0307:ability:death:79329a4fe221b0e0"	"S01-0307:ability:death:79329a4fe221b0e0"
"S01-0308"	"血斧艾瑞克"	"legion"	"3A-entry-with-deferred-semantics"	"3"	"2"	"0"	"1"	"2"	"0"	"2"	"S01-0308:ability:after-damage:33e459431fcbeeb0;S01-0308:ability:death:94ee1a17102e681e"	"S01-0308:ability:after-damage:33e459431fcbeeb0;S01-0308:ability:death:94ee1a17102e681e"
"S01-0309"	"布伦希尔德"	"legion"	"3A-ordinary-present"	"3"	"2"	"1"	"1"	"0"	"2"	"1"	"S01-0309:ability:enter:e9dcf28980e1de53;S01-0309:ability:death:cd0e9cfabc8baede"	"S01-0309:ability:enter:e9dcf28980e1de53"
"S01-0310"	"齐格鲁德"	"legion"	"3A-entry-with-deferred-semantics"	"3"	"1"	"0"	"0"	"0"	"0"	"1"	"S01-0310:ability:attack:02cb9deafea9e44b"	"S01-0310:ability:attack:02cb9deafea9e44b"
"S01-0311"	"古斯塔夫一世"	"legion"	"3A-ordinary-present"	"3"	"2"	"2"	"2"	"0"	"2"	"0"	"S01-0311:ability:attack:0f533a6e93811615;S01-0311:ability:after-attack:65ce2315ff4c0465"	""
"S01-0312"	"铁盾拉葛莎"	"legion"	"non-3A-only"	"2"	"0"	"0"	"0"	"0"	"0"	"0"	""	""
"S01-0313"	"神箭奥德尔"	"legion"	"3A-ordinary-present"	"3"	"2"	"1"	"1"	"1"	"2"	"1"	"S01-0313:ability:enter:48f49bf5f355a620;S01-0313:ability:death:8cc83cce5988d4da"	"S01-0313:ability:enter:48f49bf5f355a620"
"S01-0314"	"奥尔加"	"legion"	"3A-ordinary-present"	"3"	"1"	"1"	"1"	"1"	"1"	"0"	"S01-0314:ability:active:a923615d65edc8ea"	""
"S01-0315"	"无骨者伊瓦尔"	"legion"	"3A-entry-with-deferred-semantics"	"1"	"1"	"0"	"0"	"1"	"1"	"1"	"S01-0315:ability:enter:f908c4d5feb68d83"	"S01-0315:ability:enter:f908c4d5feb68d83"
"S01-0316"	"夺命诗人埃吉尔"	"legion"	"3A-entry-with-deferred-semantics"	"2"	"1"	"0"	"1"	"1"	"1"	"1"	"S01-0316:ability:enter:de98adb89823943b"	"S01-0316:ability:enter:de98adb89823943b"
"S01-0317"	"神剑格拉墨"	"artifact"	"3A-ordinary-present"	"2"	"2"	"1"	"2"	"1"	"2"	"1"	"S01-0317:ability:enter:9baca9d4cee2f52d;S01-0317:ability:active:90c21e26f3d58b69"	"S01-0317:ability:enter:9baca9d4cee2f52d"
"S01-0318"	"女武神的召唤"	"tactic"	"3A-entry-with-deferred-semantics"	"1"	"1"	"0"	"1"	"1"	"1"	"1"	"S01-0318:ability:play:0ac378464637b6dc"	"S01-0318:ability:play:0ac378464637b6dc"
"S01-0319"	"猎杀时刻"	"tactic"	"3A-entry-with-deferred-semantics"	"1"	"1"	"0"	"0"	"0"	"0"	"1"	"S01-0319:ability:play:287fda1f2a7a5d38"	"S01-0319:ability:play:287fda1f2a7a5d38"
"S01-0320"	"复仇血鹰"	"tactic"	"non-3A-only"	"1"	"0"	"0"	"0"	"0"	"0"	"1"	""	"S01-0320:ability:reaction:d7c7714154523f44"
"S01-03C1"	"士气·阿斯加德"	"rune"	"non-3A-only"	"1"	"0"	"0"	"0"	"0"	"0"	"0"	""	""
"S01-03D1"	"英灵殿"	"divinity"	"3A-ordinary-present"	"4"	"2"	"1"	"1"	"0"	"0"	"2"	"S01-03D1:ability:active:4260db0837113c77;S01-03D1:ability:setup:281db2829152b981"	"S01-03D1:ability:static:d45b38f3f8bf48bc;S01-03D1:ability:active:4260db0837113c77"
"S01-03M1"	"瓦尔基里"	"master"	"non-3A-only"	"2"	"0"	"0"	"0"	"0"	"0"	"0"	""	""
"S01-03M2"	"洛基"	"master"	"non-3A-only"	"1"	"0"	"0"	"0"	"0"	"0"	"1"	""	"S01-03M2:ability:static:ab4daf32452349c5"
"S01-0401"	"本多忠胜"	"legion"	"3A-ordinary-present"	"2"	"2"	"1"	"0"	"0"	"0"	"1"	"S01-0401:ability:enter:c25e438ab6938fb8;S01-0401:ability:attack:ecd7f4f29923a686"	"S01-0401:ability:attack:ecd7f4f29923a686"
"S01-0402"	"织田信长"	"legion"	"3A-entry-with-deferred-semantics"	"2"	"2"	"0"	"1"	"0"	"1"	"2"	"S01-0402:ability:enter:28437823889be2d3;S01-0402:ability:attack:54bfa6b97746205c"	"S01-0402:ability:enter:28437823889be2d3;S01-0402:ability:attack:54bfa6b97746205c"
"S01-0403"	"上杉谦信"	"legion"	"3A-entry-with-deferred-semantics"	"2"	"2"	"0"	"0"	"0"	"0"	"2"	"S01-0403:ability:enter:ebef3f55d68053ea;S01-0403:ability:death:c3e5fc27d01fe269"	"S01-0403:ability:enter:ebef3f55d68053ea;S01-0403:ability:death:c3e5fc27d01fe269"
"S01-0404"	"真田幸村"	"legion"	"3A-ordinary-present"	"1"	"1"	"1"	"0"	"0"	"0"	"0"	"S01-0404:ability:enter:c25e438ab6938fb8"	""
"S01-0405"	"宫本武藏"	"legion"	"3A-ordinary-present"	"2"	"2"	"2"	"0"	"0"	"1"	"0"	"S01-0405:ability:enter:46425018899cf08f;S01-0405:ability:attack:fcbd396bbfbd88b2"	""
"S01-0406"	"土方岁三"	"legion"	"3A-entry-with-deferred-semantics"	"2"	"2"	"0"	"1"	"0"	"1"	"2"	"S01-0406:ability:enter:796189ebff95263b;S01-0406:ability:attack:fc9e1069bf13d12c"	"S01-0406:ability:enter:796189ebff95263b;S01-0406:ability:attack:fc9e1069bf13d12c"
"S01-0407"	"坂本龙马"	"legion"	"3A-entry-with-deferred-semantics"	"2"	"2"	"0"	"0"	"1"	"1"	"2"	"S01-0407:ability:enter:b266fb12242feb01;S01-0407:ability:death:72f3dbe02322db28"	"S01-0407:ability:enter:b266fb12242feb01;S01-0407:ability:death:72f3dbe02322db28"
"S01-0408"	"高杉晋作"	"legion"	"3A-entry-with-deferred-semantics"	"2"	"2"	"0"	"1"	"2"	"1"	"2"	"S01-0408:ability:enter:de6b286ed9bd7a9c;S01-0408:ability:attack:6577727173c2557b"	"S01-0408:ability:enter:de6b286ed9bd7a9c;S01-0408:ability:attack:6577727173c2557b"
"S01-0409"	"源义经"	"legion"	"3A-ordinary-present"	"4"	"2"	"2"	"0"	"0"	"1"	"0"	"S01-0409:ability:attack:c900a6435336564c;S01-0409:ability:after-attack:87f74fda19997f92"	""
"S01-0410"	"巴御前"	"legion"	"3A-ordinary-present"	"2"	"1"	"1"	"0"	"0"	"0"	"0"	"S01-0410:ability:enter:c25e438ab6938fb8"	""
"S01-0411"	"安倍晴明"	"legion"	"3A-ordinary-present"	"3"	"2"	"1"	"0"	"1"	"0"	"1"	"S01-0411:ability:enter:b1a723e4b7ce332a;S01-0411:ability:death:00f139f8bc316591"	"S01-0411:ability:enter:b1a723e4b7ce332a"
"S01-0412"	"立花誾千代"	"legion"	"3A-entry-with-deferred-semantics"	"2"	"2"	"0"	"0"	"1"	"0"	"2"	"S01-0412:ability:enter:202b0cded455ddcc;S01-0412:ability:death:8e3f657c72894324"	"S01-0412:ability:enter:202b0cded455ddcc;S01-0412:ability:death:8e3f657c72894324"
"S01-0413"	"源博雅"	"legion"	"3A-ordinary-present"	"3"	"2"	"1"	"0"	"1"	"1"	"1"	"S01-0413:ability:enter:eb2856bbafa7432e;S01-0413:ability:attack:f4160b9115a574fa"	"S01-0413:ability:attack:f4160b9115a574fa"
"S01-0414"	"桂小五郎"	"legion"	"3A-entry-with-deferred-semantics"	"2"	"1"	"0"	"0"	"0"	"1"	"1"	"S01-0414:ability:after-attack:a356848bc7dd9124"	"S01-0414:ability:after-attack:a356848bc7dd9124"
"S01-0415"	"服部半藏"	"legion"	"3A-ordinary-present"	"3"	"2"	"1"	"0"	"0"	"0"	"1"	"S01-0415:ability:enter:1aab52e1a0bc424b;S01-0415:ability:active:32503fbfe07e2ecf"	"S01-0415:ability:enter:1aab52e1a0bc424b"
"S01-0416"	"稻姬本多小松"	"legion"	"3A-entry-with-deferred-semantics"	"3"	"2"	"0"	"0"	"1"	"0"	"2"	"S01-0416:ability:enter:b209f6a32efee3d1;S01-0416:ability:attack:15cb5a1ab50cdcc8"	"S01-0416:ability:enter:b209f6a32efee3d1;S01-0416:ability:attack:15cb5a1ab50cdcc8"
"S01-0417"	"草薙剑"	"artifact"	"3A-entry-with-deferred-semantics"	"2"	"1"	"0"	"0"	"0"	"0"	"1"	"S01-0417:ability:enter:0ff28c505ec1b830"	"S01-0417:ability:enter:0ff28c505ec1b830"
"S01-0418"	"天诛"	"tactic"	"3A-entry-with-deferred-semantics"	"1"	"1"	"0"	"0"	"0"	"0"	"1"	"S01-0418:ability:play:5c9770f2a2ff41da"	"S01-0418:ability:play:5c9770f2a2ff41da"
"S01-0419"	"花魁的馈赠"	"tactic"	"3A-entry-with-deferred-semantics"	"1"	"1"	"0"	"0"	"1"	"0"	"1"	"S01-0419:ability:play:97db2728de7886de"	"S01-0419:ability:play:97db2728de7886de"
"S01-0420"	"切腹仪式"	"tactic"	"non-3A-only"	"1"	"0"	"0"	"0"	"0"	"0"	"1"	""	"S01-0420:ability:reaction:f505901f3f9c8724"
"S01-04C1"	"士气·高天原"	"rune"	"non-3A-only"	"1"	"0"	"0"	"0"	"0"	"0"	"0"	""	""
"S01-04D1"	"黄泉之门"	"divinity"	"3A-ordinary-present"	"4"	"2"	"2"	"1"	"1"	"0"	"1"	"S01-04D1:ability:active:1dcb5503b8cd59a8;S01-04D1:ability:setup:281db2829152b981"	"S01-04D1:ability:static:3c467d3eba318af6"
"S01-04M1"	"天照大神"	"master"	"non-3A-only"	"2"	"0"	"0"	"0"	"0"	"0"	"2"	""	"S01-04M1:ability:static:2c285709f5669922;S01-04M1:ability:static:51c3f1e1976210f8"
"S01-04M2"	"须佐之男"	"master"	"3A-ordinary-present"	"3"	"2"	"2"	"1"	"1"	"2"	"0"	"S01-04M2:ability:attack:ebb2054e23f75cd1;S01-04M2:ability:leave:4e83a7191108369b"	""
"S01-DS01"	"黯陨晨星"	"destruction"	"non-3A-only"	"1"	"0"	"0"	"0"	"0"	"0"	"1"	""	"S01-DS01:ability:static:9b5681c438931452"
"S01-DS02"	"百鬼夜行"	"destruction"	"3A-entry-with-deferred-semantics"	"3"	"2"	"0"	"0"	"0"	"0"	"3"	"S01-DS02:ability:disaster:4548c9e0f724c914;S01-DS02:ability:turn-end:9d632a451357ff71"	"S01-DS02:ability:disaster:4548c9e0f724c914;S01-DS02:ability:static:4408d437a8ab5e5a;S01-DS02:ability:turn-end:9d632a451357ff71"
"S01-DS03"	"腐秽大地"	"destruction"	"3A-entry-with-deferred-semantics"	"2"	"1"	"0"	"0"	"0"	"0"	"2"	"S01-DS03:ability:disaster:b550db07535ba893"	"S01-DS03:ability:disaster:b550db07535ba893;S01-DS03:ability:static:70004a014a03d2a0"
"S01-DS04"	"雷霆天怒"	"destruction"	"3A-entry-with-deferred-semantics"	"3"	"2"	"0"	"0"	"1"	"0"	"3"	"S01-DS04:ability:disaster:1ea0951ecffc8449;S01-DS04:ability:attack:68f2ff0b600a41e8"	"S01-DS04:ability:disaster:1ea0951ecffc8449;S01-DS04:ability:static:017c7359962a2512;S01-DS04:ability:attack:68f2ff0b600a41e8"
"S01-DS05"	"魔龙降世"	"destruction"	"3A-entry-with-deferred-semantics"	"1"	"1"	"0"	"0"	"0"	"0"	"1"	"S01-DS05:ability:disaster:7179195220edfe82"	"S01-DS05:ability:disaster:7179195220edfe82"
"S01-DS06"	"神之天平"	"destruction"	"3A-entry-with-deferred-semantics"	"1"	"1"	"0"	"1"	"0"	"0"	"1"	"S01-DS06:ability:disaster:d3fabe5fa268d242"	"S01-DS06:ability:disaster:d3fabe5fa268d242"
"S01-DS07"	"天启默示录"	"destruction"	"3A-entry-with-deferred-semantics"	"1"	"1"	"0"	"0"	"0"	"0"	"1"	"S01-DS07:ability:disaster:040d7237df85e67c"	"S01-DS07:ability:disaster:040d7237df85e67c"
"S01-DS08"	"虚构的圣杯"	"destruction"	"non-3A-only"	"1"	"0"	"0"	"0"	"0"	"0"	"1"	""	"S01-DS08:ability:static:3e7cd5724f09420c"
"S01-DS09"	"诸神黄昏"	"destruction"	"3A-entry-with-deferred-semantics"	"1"	"1"	"0"	"0"	"0"	"0"	"1"	"S01-DS09:ability:disaster:1769e30a76faee99"	"S01-DS09:ability:disaster:1769e30a76faee99"
"S01-DS10"	"湮灭"	"destruction"	"3A-entry-with-deferred-semantics"	"2"	"1"	"0"	"0"	"0"	"0"	"2"	"S01-DS10:ability:turn-start:a790e35d0012c86f"	"S01-DS10:ability:static:33501d2503c08b73;S01-DS10:ability:turn-start:a790e35d0012c86f"
"S02-0001"	"驱魔道士 陆瑛"	"legion"	"3A-ordinary-present"	"2"	"2"	"2"	"0"	"1"	"1"	"0"	"S02-0001:ability:after-opponent-tactic:6d30a9b672845491;S02-0001:ability:enter:dcff9e78d7ca1141"	""
"S02-0002"	"疯狂的爱丽丝"	"legion"	"3A-ordinary-present"	"2"	"1"	"1"	"0"	"0"	"1"	"0"	"S02-0002:ability:after-kill:2187acbb87c49880"	""
"S02-0003"	"宫廷魔术师"	"legion"	"3A-ordinary-present"	"3"	"2"	"1"	"1"	"1"	"1"	"1"	"S02-0003:ability:enter:0907b9ab55d8b4fb;S02-0003:ability:active:484fb98a6af8df3f"	"S02-0003:ability:enter:0907b9ab55d8b4fb"
"S02-0004"	"路易芒德兰"	"legion"	"non-3A-only"	"2"	"0"	"0"	"0"	"0"	"0"	"0"	""	""
"S02-0005"	"戏法师的傀儡"	"legion"	"non-3A-only"	"2"	"0"	"0"	"0"	"0"	"0"	"1"	""	"S02-0005:ability:opponent-attacks-master:806afb384f303aee"
"S02-0006"	"信仰狂热者"	"legion"	"3A-ordinary-present"	"2"	"1"	"1"	"0"	"0"	"1"	"0"	"S02-0006:ability:discarded:89d3ee4207648aa1"	""
"S02-0007"	"重装士兵"	"legion"	"non-3A-only"	"3"	"0"	"0"	"0"	"0"	"0"	"0"	""	""
"S02-0008"	"万物统御之戒"	"artifact"	"3A-entry-with-deferred-semantics"	"2"	"1"	"0"	"1"	"1"	"1"	"1"	"S02-0008:ability:enter:d55717584e8ef56e"	"S02-0008:ability:enter:d55717584e8ef56e"
"S02-0009"	"防御部署"	"tactic"	"3A-entry-with-deferred-semantics"	"1"	"1"	"0"	"0"	"0"	"1"	"1"	"S02-0009:ability:play:ff53cfd909161da1"	"S02-0009:ability:play:ff53cfd909161da1"
"S02-0010"	"黑色莲花"	"tactic"	"3A-entry-with-deferred-semantics"	"2"	"1"	"0"	"1"	"0"	"1"	"1"	"S02-0010:ability:play:6d06ac2a469671de"	"S02-0010:ability:play:6d06ac2a469671de"
"S02-0011"	"纷乱箭"	"tactic"	"3A-entry-with-deferred-semantics"	"1"	"1"	"0"	"0"	"0"	"0"	"1"	"S02-0011:ability:play:16d3a82605980345"	"S02-0011:ability:play:16d3a82605980345"
"S02-0012"	"祷告仪式"	"tactic"	"3A-ordinary-present"	"3"	"3"	"2"	"1"	"0"	"1"	"1"	"S02-0012:ability:play:bafe1ab6a18493c0;S02-0012:ability:granted:e5bb0cce96aba072;S02-0012:ability:granted:1c5ef0343f70615c"	"S02-0012:ability:play:bafe1ab6a18493c0"
"S02-0013"	"神圣伽锁"	"tactic"	"3A-ordinary-present"	"3"	"3"	"2"	"1"	"1"	"1"	"1"	"S02-0013:ability:play:b43016dce755388a;S02-0013:ability:host-leaves-artifact:b2720c3b205be910;S02-0013:ability:active-while-attached:f64dc7647e481c5f"	"S02-0013:ability:play:b43016dce755388a"
"S02-0014"	"瞬间的思路"	"tactic"	"3A-ordinary-present"	"1"	"1"	"1"	"0"	"0"	"0"	"0"	"S02-0014:ability:play:58b56393329ae9ef"	""
"S02-0015"	"地主的胁迫"	"tactic"	"non-3A-only"	"1"	"0"	"0"	"0"	"0"	"0"	"1"	""	"S02-0015:ability:s2-reaction:cf8ca3a019a02076"
"S02-0016"	"破败仪式"	"tactic"	"3A-ordinary-present"	"3"	"2"	"2"	"0"	"0"	"0"	"1"	"S02-0016:ability:granted:dfd998389876f15e;S02-0016:ability:granted:df2c369f365d4497"	"S02-0016:ability:s2-reaction:37e38b08d365f0bb"
"S02-0017"	"粮草掠夺"	"tactic"	"non-3A-only"	"1"	"0"	"0"	"0"	"0"	"0"	"1"	""	"S02-0017:ability:s2-reaction:0e0643c2b48ae93e"
"S02-0018"	"毒药发作"	"tactic"	"non-3A-only"	"1"	"0"	"0"	"0"	"0"	"0"	"1"	""	"S02-0018:ability:s2-reaction:e0e92d0479a94844"
"S02-0101"	"始皇帝 嬴政"	"legion"	"3A-entry-with-deferred-semantics"	"2"	"1"	"0"	"1"	"0"	"0"	"1"	"S02-0101:ability:enter:eb0b26d094e02210"	"S02-0101:ability:enter:eb0b26d094e02210"
"S02-0102"	"李牧"	"legion"	"3A-ordinary-present"	"2"	"2"	"1"	"0"	"0"	"2"	"1"	"S02-0102:ability:master-morale-return:e84344a6b3d5d66f;S02-0102:ability:enter:2dc458f3fe3f8259"	"S02-0102:ability:enter:2dc458f3fe3f8259"
"S02-0103"	"平阳昭公主"	"legion"	"3A-ordinary-present"	"2"	"2"	"1"	"0"	"0"	"1"	"1"	"S02-0103:ability:enter:91a88c9cc3074ca1;S02-0103:ability:attack:607e6460eed6637b"	"S02-0103:ability:enter:91a88c9cc3074ca1"
"S02-0104"	"神农鼎"	"artifact"	"3A-ordinary-present"	"2"	"2"	"2"	"1"	"0"	"1"	"0"	"S02-0104:ability:enter:8fa3e27817003123;S02-0104:ability:active:1687d445c6acc308"	""
"S02-0105"	"乾坤 阳"	"tactic"	"3A-entry-with-deferred-semantics"	"1"	"1"	"0"	"1"	"0"	"1"	"1"	"S02-0105:ability:play:499f7a6a1da312d7"	"S02-0105:ability:play:499f7a6a1da312d7"
"S02-0106"	"乾坤 阴"	"tactic"	"non-3A-only"	"1"	"0"	"0"	"0"	"0"	"0"	"1"	""	"S02-0106:ability:opponent-attack-or-effect:cac751e0d790e16e"
"S02-01M1"	"孙悟空"	"master"	"3A-ordinary-present"	"2"	"1"	"1"	"1"	"1"	"0"	"0"	"S02-01M1:ability:active:4834e3b50d036f27"	""
"S02-01S1"	"哮天犬·稚"	"legion"	"3A-ordinary-present"	"2"	"2"	"2"	"0"	"0"	"2"	"0"	"S02-01S1:ability:master-morale-return:8d098fe32e7b253b;S02-01S1:ability:death:544dd81cfc7627f4"	""
"S02-0201"	"增殖的甲虫"	"legion"	"non-3A-only"	"2"	"0"	"0"	"0"	"0"	"0"	"0"	""	""
"S02-0202"	"陵墓圣武士"	"legion"	"3A-entry-with-deferred-semantics"	"2"	"1"	"0"	"0"	"0"	"0"	"1"	"S02-0202:ability:death:79d8237fa4fa11c6"	"S02-0202:ability:death:79d8237fa4fa11c6"
"S02-0203"	"哈特谢普苏特"	"legion"	"3A-ordinary-present"	"3"	"2"	"1"	"0"	"0"	"2"	"1"	"S02-0203:ability:enter:d02761e5760092ed;S02-0203:ability:death:4f44435f01c08067"	"S02-0203:ability:enter:d02761e5760092ed"
"S02-0204"	"伊姆何泰普"	"legion"	"3A-ordinary-present"	"3"	"2"	"1"	"1"	"0"	"1"	"1"	"S02-0204:ability:enter:753c4d14ca73c931;S02-0204:ability:active:4257a82eec559a94"	"S02-0204:ability:enter:753c4d14ca73c931"
"S02-0205"	"黄金圣甲虫"	"artifact"	"3A-ordinary-present"	"4"	"3"	"2"	"2"	"1"	"3"	"1"	"S02-0205:ability:enter:391da24eedbd81b7;S02-0205:ability:active:8023ed21f8771697;S02-0205:ability:active:e33e843f8be8d5f6"	"S02-0205:ability:enter:391da24eedbd81b7"
"S02-0206"	"无畏的刺杀"	"tactic"	"3A-ordinary-present"	"3"	"2"	"2"	"0"	"1"	"0"	"0"	"S02-0206:ability:play:f6c0e9a69b3184b7;S02-0206:ability:play:bd784d08e38e0ed8"	""
"S02-0207"	"沙漠君临"	"tactic"	"3A-ordinary-present"	"1"	"1"	"1"	"1"	"0"	"0"	"0"	"S02-0207:ability:play:528a4430c4b87fb5"	""
"S02-02M1"	"奈芙蒂斯"	"master"	"3A-ordinary-present"	"3"	"2"	"2"	"0"	"0"	"2"	"0"	"S02-02M1:ability:active:014219b1c6c557fa;S02-02M1:ability:friendly-legion-death:a366c9a7f75b5f29"	""
"S02-0301"	"雷神之锤"	"legion"	"3A-ordinary-present"	"4"	"3"	"2"	"2"	"0"	"2"	"1"	"S02-0301:ability:enter:c3d7bde060b4a77f;S02-0301:ability:death:43e2e1e581db01d0;S02-0301:ability:active:61c655977499e4be"	"S02-0301:ability:death:43e2e1e581db01d0"
"S02-0302"	"步行者罗洛"	"legion"	"3A-ordinary-present"	"4"	"1"	"1"	"0"	"0"	"0"	"0"	"S02-0302:ability:enter:f2164791a703075c"	""
"S02-0303"	"卡纽特大帝"	"legion"	"3A-entry-with-deferred-semantics"	"2"	"1"	"0"	"0"	"1"	"1"	"1"	"S02-0303:ability:enter:188ca2ec5d57c93a"	"S02-0303:ability:enter:188ca2ec5d57c93a"
"S02-0304"	"玛格丽特一世"	"legion"	"3A-ordinary-present"	"3"	"2"	"1"	"1"	"0"	"2"	"2"	"S02-0304:ability:enter:3f76727a32a3cf1e;S02-0304:ability:master-damaged-by-effect:31c5c76dff1c8e0b"	"S02-0304:ability:continuous:e9823ffd970d6ce6;S02-0304:ability:enter:3f76727a32a3cf1e"
"S02-0305"	"安德华拉诺特"	"artifact"	"3A-ordinary-present"	"4"	"1"	"1"	"0"	"0"	"1"	"0"	"S02-0305:ability:master-damaged:a4a2c92cad3ad28c"	""
"S02-0306"	"密米尔之泉"	"tactic"	"3A-ordinary-present"	"2"	"1"	"1"	"0"	"0"	"1"	"1"	"S02-0306:ability:master-effect-damage-threshold:978e2dc72d59418c"	"S02-0306:ability:continuous:a5a8e191442bbfac"
"S02-0307"	"海拉的凝视"	"tactic"	"3A-ordinary-present"	"1"	"1"	"1"	"1"	"1"	"0"	"0"	"S02-0307:ability:play:e2a8efcc4ba499ee"	""
"S02-03M1"	"雷神索尔"	"master"	"3A-ordinary-present"	"3"	"1"	"1"	"1"	"0"	"1"	"0"	"S02-03M1:ability:active:54e6f9c40764f804"	""
"S02-0401"	"武田信玄"	"legion"	"3A-entry-with-deferred-semantics"	"2"	"1"	"0"	"0"	"1"	"1"	"1"	"S02-0401:ability:enter:27a167b8b905666d"	"S02-0401:ability:enter:27a167b8b905666d"
"S02-0402"	"井伊直虎"	"legion"	"3A-ordinary-present"	"2"	"2"	"1"	"1"	"0"	"2"	"1"	"S02-0402:ability:enter:4e174017a4dffc0f;S02-0402:ability:death:53c6b545f1a48957"	"S02-0402:ability:enter:4e174017a4dffc0f"
"S02-0403"	"冲田总司"	"legion"	"3A-entry-with-deferred-semantics"	"3"	"2"	"0"	"0"	"0"	"1"	"2"	"S02-0403:ability:enter:2ebf87c30fca9902;S02-0403:ability:attack:f4e897276bb153c0"	"S02-0403:ability:enter:2ebf87c30fca9902;S02-0403:ability:attack:f4e897276bb153c0"
"S02-0404"	"八尺琼勾玉"	"artifact"	"3A-ordinary-present"	"5"	"4"	"3"	"1"	"4"	"1"	"1"	"S02-0404:ability:enter:08f36fcae8096c88;S02-0404:ability:active:b30de444d37a3b6e;S02-0404:ability:granted:2c2b9693ca8cf3b8;S02-0404:ability:granted:e7c384ccba9ff2f3"	"S02-0404:ability:enter:08f36fcae8096c88"
"S02-0405"	"武运在天 铠甲在前"	"tactic"	"3A-ordinary-present"	"3"	"2"	"1"	"0"	"1"	"0"	"1"	"S02-0405:ability:play:0a13775c2081e642;S02-0405:ability:play:b03190adf1322a1a"	"S02-0405:ability:play:0a13775c2081e642"
"S02-0406"	"天下布武"	"tactic"	"3A-ordinary-present"	"4"	"3"	"3"	"0"	"2"	"1"	"0"	"S02-0406:ability:play:35815c7115c7ce71;S02-0406:ability:granted:6aa04cbf27f6b4b7;S02-0406:ability:granted:4f26e688b66affd4"	""
"S02-04M1"	"月读"	"master"	"3A-ordinary-present"	"3"	"3"	"3"	"1"	"1"	"1"	"0"	"S02-04M1:ability:friendly-legion-moves:654df25d049352f7;S02-04M1:ability:friendly-back-to-front:03cb93e7e3eeedf3;S02-04M1:ability:friendly-front-to-back:e46218b2ac936410"	""
"S02-0501"	"赫拉克勒斯·晋升"	"legion"	"3A-ordinary-present"	"4"	"3"	"1"	"1"	"1"	"2"	"2"	"S02-0501:ability:promotion-enter:aea99d552bc8adae;S02-0501:ability:enter:f5937cc3d2f50de9;S02-0501:ability:attack:9b5b0f34dc393288"	"S02-0501:ability:promotion-enter:aea99d552bc8adae;S02-0501:ability:enter:f5937cc3d2f50de9"
"S02-0502"	"赫拉克勒斯"	"legion"	"3A-entry-with-deferred-semantics"	"1"	"1"	"0"	"1"	"1"	"1"	"1"	"S02-0502:ability:enter:8919c3bc2ac8b7c6"	"S02-0502:ability:enter:8919c3bc2ac8b7c6"
"S02-0503"	"阿喀琉斯·晋升"	"legion"	"3A-ordinary-present"	"6"	"2"	"1"	"0"	"0"	"0"	"1"	"S02-0503:ability:promotion-enter:15500275140609c1;S02-0503:ability:after-attack:e3ced12ddde14fdb"	"S02-0503:ability:promotion-enter:15500275140609c1"
"S02-0504"	"阿喀琉斯"	"legion"	"non-3A-only"	"2"	"0"	"0"	"0"	"0"	"0"	"0"	""	""
"S02-0505"	"珀尔修斯·晋升"	"legion"	"3A-ordinary-present"	"5"	"2"	"1"	"0"	"1"	"1"	"1"	"S02-0505:ability:promotion-enter:125b53eb65b262bb;S02-0505:ability:enter:2f48770e568d4c27"	"S02-0505:ability:promotion-enter:125b53eb65b262bb"
"S02-0506"	"珀尔修斯"	"legion"	"3A-entry-with-deferred-semantics"	"1"	"1"	"0"	"1"	"1"	"1"	"1"	"S02-0506:ability:enter:190c1bf49c2ede8b"	"S02-0506:ability:enter:190c1bf49c2ede8b"
"S02-0507"	"阿塔兰忒·晋升"	"legion"	"3A-ordinary-present"	"5"	"3"	"3"	"0"	"0"	"2"	"0"	"S02-0507:ability:promotion-enter:63c22abdf0d41b8e;S02-0507:ability:enter:3c1cf21d72d9b334;S02-0507:ability:attack:d20040947938d125"	""
"S02-0508"	"阿塔兰忒"	"legion"	"3A-ordinary-present"	"2"	"1"	"1"	"0"	"1"	"0"	"0"	"S02-0508:ability:death:9aea23b4138e399e"	""
"S02-0509"	"奥德修斯"	"legion"	"3A-ordinary-present"	"3"	"2"	"2"	"1"	"0"	"1"	"0"	"S02-0509:ability:enter:4b4a552c7407edb2;S02-0509:ability:attack:e881bc3c0f362883"	""
"S02-0510"	"希波吕忒"	"legion"	"3A-ordinary-present"	"3"	"1"	"1"	"1"	"1"	"0"	"0"	"S02-0510:ability:active:2ee4c7f29b568e48"	""
"S02-0511"	"珀洛特埃"	"legion"	"3A-ordinary-present"	"3"	"2"	"2"	"1"	"0"	"1"	"0"	"S02-0511:ability:enter:398588321106818e;S02-0511:ability:attack:c367ee3457cbd5f4"	""
"S02-0512"	"埃涅阿斯"	"legion"	"3A-ordinary-present"	"4"	"1"	"1"	"0"	"0"	"1"	"0"	"S02-0512:ability:death:fe4dc14c5a024047"	""
"S02-0513"	"亚里士多德"	"legion"	"3A-ordinary-present"	"3"	"2"	"1"	"1"	"0"	"1"	"1"	"S02-0513:ability:enter:eef83ec51f2ef093;S02-0513:ability:active:0b4d5245336709f8"	"S02-0513:ability:enter:eef83ec51f2ef093"
"S02-0514"	"柏拉图"	"legion"	"3A-entry-with-deferred-semantics"	"2"	"1"	"0"	"0"	"1"	"1"	"1"	"S02-0514:ability:enter:eb48dfd6737606dc"	"S02-0514:ability:enter:eb48dfd6737606dc"
"S02-0515"	"海伦"	"legion"	"3A-entry-with-deferred-semantics"	"3"	"1"	"0"	"0"	"0"	"0"	"1"	"S02-0515:ability:enter:0440fe0acfaec451"	"S02-0515:ability:enter:0440fe0acfaec451"
"S02-0516"	"汉尼拔"	"legion"	"3A-ordinary-present"	"3"	"1"	"1"	"1"	"1"	"1"	"0"	"S02-0516:ability:attack:077dc7337586413c"	""
"S02-0517"	"彭忒西勒亚"	"legion"	"3A-ordinary-present"	"3"	"2"	"2"	"1"	"0"	"1"	"0"	"S02-0517:ability:enter:398588321106818e;S02-0517:ability:attack:b880db2c63b82bc9"	""
"S02-0518"	"忒修斯"	"legion"	"3A-entry-with-deferred-semantics"	"3"	"2"	"0"	"0"	"1"	"2"	"2"	"S02-0518:ability:enter:6e9ddf89fefa712f;S02-0518:ability:death:88ff26ac36e38ec2"	"S02-0518:ability:enter:6e9ddf89fefa712f;S02-0518:ability:death:88ff26ac36e38ec2"
"S02-0519"	"斯巴达勇士"	"legion"	"3A-ordinary-present"	"2"	"1"	"1"	"1"	"0"	"1"	"0"	"S02-0519:ability:attack:8f025023393c1f32"	""
"S02-0520"	"匠神锻造炉"	"artifact"	"3A-ordinary-present"	"4"	"4"	"3"	"1"	"1"	"1"	"1"	"S02-0520:ability:enter:361ec387b847ecee;S02-0520:ability:active:e4e320d416a9c103;S02-0520:ability:mode-promotion-discount:98eb71c68928c091;S02-0520:ability:mode-ready-after-kill:927badbb354c7607"	"S02-0520:ability:enter:361ec387b847ecee"
"S02-0521"	"荣耀之路"	"tactic"	"non-3A-only"	"2"	"0"	"0"	"0"	"0"	"0"	"1"	""	"S02-0521:ability:play:4ae24413479102d1"
"S02-0522"	"倪克斯的陨星"	"tactic"	"non-3A-only"	"2"	"0"	"0"	"0"	"0"	"0"	"1"	""	"S02-0522:ability:play:a09dadaebc5e13de"
"S02-0523"	"特洛伊木马"	"tactic"	"non-3A-only"	"2"	"0"	"0"	"0"	"0"	"0"	"1"	""	"S02-0523:ability:after-opponent-attack:5bff9b891b7b1cba"
"S02-05C1"	"士气·奥林匹斯"	"rune"	"3A-ordinary-present"	"3"	"2"	"2"	"2"	"1"	"2"	"0"	"S02-05C1:ability:active:1ae9b19504eac93a;S02-05C1:ability:active:5dec5c18aaf62a03"	""
"S02-05C1A"	"士气·奥林匹斯"	"rune"	"3A-ordinary-present"	"3"	"2"	"2"	"2"	"1"	"2"	"0"	"S02-05C1A:ability:active:1ae9b19504eac93a;S02-05C1A:ability:active:5dec5c18aaf62a03"	""
"S02-05D1"	"奥林匹斯 诸神巅"	"divinity"	"3A-ordinary-present"	"4"	"4"	"3"	"2"	"1"	"2"	"1"	"S02-05D1:ability:active:519ab3c1379a9256;S02-05D1:ability:active:1e9195c93dff4ee9;S02-05D1:ability:active:f160e84288ecb28c;S02-05D1:ability:setup:281db2829152b981"	"S02-05D1:ability:active:1e9195c93dff4ee9"
"S02-05M1"	"阿尔忒弥斯"	"master"	"3A-ordinary-present"	"4"	"2"	"2"	"1"	"2"	"1"	"0"	"S02-05M1:ability:friendly-ranged-death:049d5f20b59f5888;S02-05M1:ability:active:6fe03f6c35407ac7"	""
"S02-05M2"	"普罗米修斯"	"master"	"3A-ordinary-present"	"1"	"1"	"1"	"1"	"1"	"0"	"0"	"S02-05M2:ability:active:e4b2c63a32960f8e"	""
"S02-0601"	"亚瑟王"	"legion"	"3A-entry-with-deferred-semantics"	"2"	"2"	"0"	"1"	"0"	"2"	"2"	"S02-0601:ability:enter:d85ecd5fb722d62d;S02-0601:ability:death:85656f23e734439d"	"S02-0601:ability:enter:d85ecd5fb722d62d;S02-0601:ability:death:85656f23e734439d"
"S02-0602"	"兰斯洛特"	"legion"	"3A-ordinary-present"	"5"	"4"	"2"	"1"	"1"	"2"	"2"	"S02-0602:ability:enter:1ec4fb001f87c88e;S02-0602:ability:after-kill:e290e1e434e45531;S02-0602:ability:granted:7a7545729484412a;S02-0602:ability:granted:6235a3f3a12afdbb"	"S02-0602:ability:enter:1ec4fb001f87c88e;S02-0602:ability:granted:7a7545729484412a"
"S02-0603"	"梅林"	"legion"	"3A-ordinary-present"	"5"	"4"	"4"	"1"	"3"	"1"	"0"	"S02-0603:ability:enter:36ce19fd64a5ad8a;S02-0603:ability:active:8768d3f1fcb44728;S02-0603:ability:granted:8cd73702b7db90b0;S02-0603:ability:granted:ee3b46417c9fc4f7"	""
"S02-0604"	"加拉哈德"	"legion"	"3A-entry-with-deferred-semantics"	"3"	"2"	"0"	"1"	"0"	"2"	"3"	"S02-0604:ability:enter:af3e70e09349d376;S02-0604:ability:trial-completed:9d25a05a194bedc1"	"S02-0604:ability:trial:2117897dcefd3125;S02-0604:ability:enter:af3e70e09349d376;S02-0604:ability:trial-completed:9d25a05a194bedc1"
"S02-0605"	"鲍斯"	"legion"	"3A-ordinary-present"	"4"	"2"	"1"	"2"	"0"	"1"	"1"	"S02-0605:ability:attack:82a5bf2622bf4d20;S02-0605:ability:death:290ffa58316ea18b"	"S02-0605:ability:death:290ffa58316ea18b"
"S02-0606"	"帕西瓦尔"	"legion"	"3A-ordinary-present"	"5"	"3"	"3"	"1"	"0"	"1"	"1"	"S02-0606:ability:enter:798511dfd0a8fb7f;S02-0606:ability:attack:0e67ec1e2f1885c6;S02-0606:ability:after-kill:7680beaaf4313595"	"S02-0606:ability:trial:bb29c925c9fcdc82"
"S02-0607"	"高文"	"legion"	"3A-ordinary-present"	"2"	"2"	"2"	"1"	"0"	"1"	"0"	"S02-0607:ability:enter:763a91057766361c;S02-0607:ability:attack:25d5c998d14502d7"	""
"S02-0608"	"狮心王理查一世"	"legion"	"3A-ordinary-present"	"4"	"3"	"2"	"2"	"1"	"2"	"1"	"S02-0608:ability:enter:7aacad3877f7fd4c;S02-0608:ability:attack:4581df1cc635dd68;S02-0608:ability:attack:0999d120e02e3c50"	"S02-0608:ability:enter:7aacad3877f7fd4c"
"S02-0609"	"侍从骑士"	"legion"	"3A-entry-with-deferred-semantics"	"3"	"1"	"0"	"0"	"0"	"0"	"2"	"S02-0609:ability:death:ce243cddf7b976d1"	"S02-0609:ability:trial:bb29c925c9fcdc82;S02-0609:ability:death:ce243cddf7b976d1"
"S02-0610"	"芬恩"	"legion"	"3A-ordinary-present"	"3"	"2"	"1"	"1"	"0"	"2"	"2"	"S02-0610:ability:enter:1ec0fc6825715f52;S02-0610:ability:after-trial:451b6d549a5c98c4"	"S02-0610:ability:trial:bb29c925c9fcdc82;S02-0610:ability:enter:1ec0fc6825715f52"
"S02-0611"	"库丘林"	"legion"	"3A-ordinary-present"	"5"	"2"	"2"	"0"	"0"	"0"	"0"	"S02-0611:ability:enter:0cc32f023a1b4f11;S02-0611:ability:after-kill:7680beaaf4313595"	""
"S02-0612"	"斯卡哈"	"legion"	"3A-ordinary-present"	"4"	"2"	"2"	"1"	"0"	"1"	"0"	"S02-0612:ability:enter:af81d1bed4470503;S02-0612:ability:attack:c195f409c875e9eb"	""
"S02-0613"	"圣女贞德"	"legion"	"3A-ordinary-present"	"3"	"2"	"1"	"1"	"0"	"1"	"2"	"S02-0613:ability:enter:64f69e75c8f9a3da;S02-0613:ability:death:db3d0495e90b3dbd"	"S02-0613:ability:trial:bb29c925c9fcdc82;S02-0613:ability:enter:64f69e75c8f9a3da"
"S02-0614"	"康斯坦丝"	"legion"	"3A-ordinary-present"	"5"	"3"	"2"	"0"	"1"	"1"	"2"	"S02-0614:ability:enter:601eddfb8abbb8d2;S02-0614:ability:granted:6235a3f3a12afdbb;S02-0614:ability:granted:45f31f84b8f800cd"	"S02-0614:ability:trial:bb29c925c9fcdc82;S02-0614:ability:enter:601eddfb8abbb8d2"
"S02-0615"	"格温莉安"	"legion"	"3A-entry-with-deferred-semantics"	"3"	"1"	"0"	"0"	"0"	"1"	"1"	"S02-0615:ability:death:99b745c7faa9a5c9"	"S02-0615:ability:death:99b745c7faa9a5c9"
"S02-0616"	"阿麦金"	"legion"	"3A-ordinary-present"	"3"	"2"	"2"	"1"	"0"	"2"	"0"	"S02-0616:ability:enter:d634145a7ee14bd0;S02-0616:ability:active:3616b237df312569"	""
"S02-0617"	"罗宾汉"	"legion"	"3A-ordinary-present"	"4"	"2"	"1"	"0"	"0"	"2"	"2"	"S02-0617:ability:enter:9dc7c4374dc77291;S02-0617:ability:attack:c8dd6c6601a73ebb"	"S02-0617:ability:trial:bb29c925c9fcdc82;S02-0617:ability:enter:9dc7c4374dc77291"
"S02-0618"	"伊丽莎白·都铎"	"legion"	"3A-ordinary-present"	"3"	"1"	"1"	"0"	"0"	"0"	"1"	"S02-0618:ability:enter:fa5ffc70365a2eee"	"S02-0618:ability:trial:2117897dcefd3125"
"S02-0619"	"克劳迪娅"	"legion"	"3A-entry-with-deferred-semantics"	"2"	"1"	"0"	"1"	"1"	"1"	"1"	"S02-0619:ability:enter:a2a270aacbd06520"	"S02-0619:ability:enter:a2a270aacbd06520"
"S02-0620"	"符文之力"	"tactic"	"3A-ordinary-present"	"2"	"2"	"1"	"1"	"1"	"1"	"1"	"S02-0620:ability:play:ac4a80f231805917;S02-0620:ability:play:c2e3d34e7ac83c86"	"S02-0620:ability:play:ac4a80f231805917"
"S02-0621"	"圆桌领域"	"tactic"	"3A-ordinary-present"	"2"	"2"	"1"	"1"	"2"	"1"	"1"	"S02-0621:ability:play:9a7d744018bd9e66;S02-0621:ability:play:ecdfaa719e9112ba"	"S02-0621:ability:play:9a7d744018bd9e66"
"S02-0622"	"槲寄生符咒"	"tactic"	"3A-ordinary-present"	"2"	"1"	"1"	"0"	"1"	"0"	"0"	"S02-0622:ability:play:d5226a525c565d25"	""
"S02-06C1"	"士气·彼界"	"rune"	"non-3A-only"	"1"	"0"	"0"	"0"	"0"	"0"	"0"	""	""
"S02-06D1"	"彼界 阿瓦隆"	"divinity"	"3A-ordinary-present"	"5"	"3"	"3"	"1"	"1"	"0"	"0"	"S02-06D1:ability:turn-start:97dca04b36fe51bf;S02-06D1:ability:active:30a9d18991dc8481;S02-06D1:ability:setup:281db2829152b981"	""
"S02-06M1"	"莫瑞甘"	"master"	"3A-ordinary-present"	"2"	"2"	"2"	"1"	"1"	"2"	"0"	"S02-06M1:ability:morrigan-enemy-death:4d2e3aed72292122;S02-06M1:ability:active:08922e53e852b78f"	""
"S02-06M2"	"安格斯·麦·奥格"	"master"	"3A-ordinary-present"	"3"	"2"	"1"	"0"	"0"	"1"	"1"	"S02-06M2:ability:trial-advance:2004cb55b3358ee5;S02-06M2:ability:tactic-effect-resolved:e802cc6dcf73fe92"	"S02-06M2:ability:tactic-effect-resolved:e802cc6dcf73fe92"
"S02-06S1"	"符文"	"token"	"non-3A-only"	"1"	"0"	"0"	"0"	"0"	"0"	"0"	""	""
"S02-06S2"	"王者之剑"	"token"	"non-3A-only"	"1"	"0"	"0"	"0"	"0"	"0"	"0"	""	""
"S02-06S3"	"湖中仙女的馈赠"	"trial"	"3A-entry-with-deferred-semantics"	"3"	"1"	"0"	"1"	"0"	"0"	"3"	"S02-06S3:ability:death:84330d935c195208"	"S02-06S3:ability:static:3616e3ca17ffd729;S02-06S3:ability:static:f7e019a543066afd;S02-06S3:ability:death:84330d935c195208"
"S02-06S4"	"寻找圣杯之旅"	"trial"	"3A-entry-with-deferred-semantics"	"2"	"2"	"0"	"0"	"1"	"2"	"2"	"S02-06S4:ability:trial-complete:f95fed6f3ff0efc0;S02-06S4:ability:friendly-round-table-enter:7dd7597016b45f25"	"S02-06S4:ability:trial-complete:f95fed6f3ff0efc0;S02-06S4:ability:friendly-round-table-enter:7dd7597016b45f25"
"S02-06S5"	"芬尼亚传奇"	"trial"	"non-3A-only"	"2"	"0"	"0"	"0"	"0"	"0"	"2"	""	"S02-06S5:ability:static:1e799825eedf3331;S02-06S5:ability:static:5444a7c87e0351bd"
"S02-06S6"	"十字军东征"	"trial"	"3A-entry-with-deferred-semantics"	"1"	"1"	"0"	"1"	"1"	"1"	"1"	"S02-06S6:ability:after-attack:54e87bc748d2e1f9"	"S02-06S6:ability:after-attack:54e87bc748d2e1f9"
"S02-DS01"	"天地异变"	"destruction"	"non-3A-only"	"1"	"0"	"0"	"0"	"0"	"0"	"1"	""	"S02-DS01:ability:static:31558cb4f3e2c3da"
"S02-DS02"	"迷雾绝境"	"destruction"	"3A-entry-with-deferred-semantics"	"2"	"1"	"0"	"1"	"0"	"0"	"2"	"S02-DS02:ability:disaster:04079feaac3ff5d0"	"S02-DS02:ability:disaster:04079feaac3ff5d0;S02-DS02:ability:static:01aeea1f7fc7e317"
"S02-DS03"	"无眠之夜"	"destruction"	"3A-entry-with-deferred-semantics"	"2"	"1"	"0"	"0"	"1"	"0"	"2"	"S02-DS03:ability:disaster:a8ef93cfb61d4218"	"S02-DS03:ability:disaster:a8ef93cfb61d4218;S02-DS03:ability:continuous:fed4f60f2af1523c"
"S02-DS04"	"风暴乱象"	"destruction"	"3A-entry-with-deferred-semantics"	"2"	"1"	"0"	"0"	"0"	"0"	"2"	"S02-DS04:ability:disaster:c7799b543e0bb0eb"	"S02-DS04:ability:disaster:c7799b543e0bb0eb;S02-DS04:ability:static:00575cc9fcb1aaaa"
"S02-DS05"	"暴怒之罪"	"destruction"	"3A-entry-with-deferred-semantics"	"3"	"2"	"0"	"0"	"1"	"0"	"3"	"S02-DS05:ability:disaster:7c72353dac1c7dd1;S02-DS05:ability:attack:4326fa5eef9e6e3a"	"S02-DS05:ability:disaster:7c72353dac1c7dd1;S02-DS05:ability:static:335d304b639c5d3f;S02-DS05:ability:attack:4326fa5eef9e6e3a"
"S02-DS06"	"傲慢之罪"	"destruction"	"3A-entry-with-deferred-semantics"	"2"	"1"	"0"	"1"	"1"	"0"	"2"	"S02-DS06:ability:disaster:7d81bfd73e044cc2"	"S02-DS06:ability:disaster:7d81bfd73e044cc2;S02-DS06:ability:static:c1632b7b22b87c4f"
"ST01-01"	"赵云"	"legion"	"3A-ordinary-present"	"5"	"4"	"2"	"2"	"0"	"2"	"2"	"ST01-01:ability:enter:c162f6022d363e83;ST01-01:ability:granted:c502e9ac1489cd1a;ST01-01:ability:after-attack:961ff51902cf99a2;ST01-01:ability:granted:6ec4b634ed12b206"	"ST01-01:ability:enter:c162f6022d363e83;ST01-01:ability:after-attack:961ff51902cf99a2"
"ST01-02"	"武松"	"legion"	"3A-ordinary-present"	"1"	"1"	"1"	"0"	"0"	"1"	"0"	"ST01-02:ability:after-attack:d9cbc9c8569f7ebb"	""
"ST01-03"	"萧何"	"legion"	"3A-entry-with-deferred-semantics"	"1"	"1"	"0"	"1"	"1"	"1"	"1"	"ST01-03:ability:enter:57c1a5eb3e176ab8"	"ST01-03:ability:enter:57c1a5eb3e176ab8"
"ST01-04"	"程咬金"	"legion"	"non-3A-only"	"2"	"0"	"0"	"0"	"0"	"0"	"0"	""	""
"ST01-05"	"食铁兽"	"legion"	"no-structured-ability"	"0"	"0"	"0"	"0"	"0"	"0"	"0"	""	""
"ST01-06"	"刘季"	"legion"	"3A-ordinary-present"	"1"	"1"	"1"	"0"	"0"	"0"	"0"	"ST01-06:ability:enter:bc1179905ede188d"	""
"ST01-07"	"诸葛连弩兵"	"legion"	"3A-entry-with-deferred-semantics"	"2"	"1"	"0"	"1"	"0"	"1"	"1"	"ST01-07:ability:after-attack:ab9f41e30020180d"	"ST01-07:ability:after-attack:ab9f41e30020180d"
"ST01-08"	"聂隐娘"	"legion"	"3A-ordinary-present"	"2"	"1"	"1"	"0"	"0"	"0"	"0"	"ST01-08:ability:enter:689604b5d4407771"	""
"ST01-09"	"王昭君"	"legion"	"3A-entry-with-deferred-semantics"	"2"	"1"	"0"	"1"	"0"	"1"	"1"	"ST01-09:ability:enter:40fa06b2cbf36d56"	"ST01-09:ability:enter:40fa06b2cbf36d56"
"ST01-10"	"暗度陈仓"	"tactic"	"3A-entry-with-deferred-semantics"	"1"	"1"	"0"	"1"	"1"	"1"	"1"	"ST01-10:ability:reaction:6c595d8cfc22fc59"	"ST01-10:ability:reaction:6c595d8cfc22fc59"
"ST01-M1"	"嫦娥"	"master"	"3A-entry-with-deferred-semantics"	"1"	"1"	"0"	"0"	"0"	"1"	"1"	"ST01-M1:ability:morale-return:3488642de8b32238"	"ST01-M1:ability:morale-return:3488642de8b32238"
"ST02-01"	"胡夫"	"legion"	"3A-entry-with-deferred-semantics"	"2"	"1"	"0"	"1"	"1"	"1"	"2"	"ST02-01:ability:enter:e216943b2cbaa027"	"ST02-01:ability:continuous:42ada4e462a2fb94;ST02-01:ability:enter:e216943b2cbaa027"
"ST02-02"	"沙漠卫兵"	"legion"	"non-3A-only"	"2"	"0"	"0"	"0"	"0"	"0"	"0"	""	""
"ST02-03"	"白沙瓦舞蛇人"	"legion"	"3A-entry-with-deferred-semantics"	"1"	"1"	"0"	"0"	"1"	"1"	"1"	"ST02-03:ability:enter:22666493c9063c6a"	"ST02-03:ability:enter:22666493c9063c6a"
"ST02-04"	"绿洲的商人"	"legion"	"3A-ordinary-present"	"1"	"1"	"1"	"0"	"0"	"1"	"0"	"ST02-04:ability:enter:dfff4c5cd3dd45cf"	""
"ST02-05"	"绿洲的舞女"	"legion"	"3A-ordinary-present"	"1"	"1"	"1"	"1"	"0"	"0"	"0"	"ST02-05:ability:active:80aa98cc24ef764e"	""
"ST02-06"	"乔泽"	"legion"	"3A-entry-with-deferred-semantics"	"1"	"1"	"0"	"1"	"1"	"1"	"1"	"ST02-06:ability:enter:3f4098b307fbf1d6"	"ST02-06:ability:enter:3f4098b307fbf1d6"
"ST02-07"	"陵墓防卫体"	"legion"	"3A-entry-with-deferred-semantics"	"1"	"1"	"0"	"0"	"0"	"1"	"1"	"ST02-07:ability:opponent-back-to-front:238947e7df03866d"	"ST02-07:ability:opponent-back-to-front:238947e7df03866d"
"ST02-08"	"阿肯那顿"	"legion"	"3A-ordinary-present"	"3"	"2"	"1"	"1"	"1"	"1"	"1"	"ST02-08:ability:enter:4bcd58fbf1c30cd3;ST02-08:ability:death:915ebb139267c275"	"ST02-08:ability:death:915ebb139267c275"
"ST02-09"	"沙漠眼镜蛇"	"legion"	"no-structured-ability"	"0"	"0"	"0"	"0"	"0"	"0"	"0"	""	""
"ST02-10"	"沙漠送葬"	"tactic"	"3A-entry-with-deferred-semantics"	"1"	"1"	"0"	"0"	"1"	"0"	"1"	"ST02-10:ability:play:b9dffb72dd89ca59"	"ST02-10:ability:play:b9dffb72dd89ca59"
"ST02-M1"	"荷鲁斯"	"master"	"3A-entry-with-deferred-semantics"	"1"	"1"	"0"	"1"	"1"	"0"	"1"	"ST02-M1:ability:active:3594aeaf557df9df"	"ST02-M1:ability:active:3594aeaf557df9df"
"ST03-01"	"蛇眼西格德"	"legion"	"3A-ordinary-present"	"2"	"1"	"1"	"0"	"0"	"0"	"0"	"ST03-01:ability:enter:398588321106818e"	""
"ST03-02"	"维京狂战士"	"legion"	"non-3A-only"	"1"	"0"	"0"	"0"	"0"	"0"	"0"	""	""
"ST03-03"	"弗蕾迪斯"	"legion"	"3A-entry-with-deferred-semantics"	"1"	"1"	"0"	"1"	"1"	"1"	"1"	"ST03-03:ability:enter:4418313c8074f4ef"	"ST03-03:ability:enter:4418313c8074f4ef"
"ST03-04"	"维京掠夺者"	"legion"	"3A-ordinary-present"	"1"	"1"	"1"	"0"	"0"	"0"	"0"	"ST03-04:ability:after-damage:6ba9889990bdac3f"	""
"ST03-05"	"克里斯蒂娜"	"legion"	"3A-ordinary-present"	"2"	"1"	"1"	"1"	"0"	"0"	"0"	"ST03-05:ability:active:87d142bd0e12a218"	""
"ST03-06"	"北欧巨狼"	"legion"	"no-structured-ability"	"0"	"0"	"0"	"0"	"0"	"0"	"0"	""	""
"ST03-07"	"送葬者凯恩"	"legion"	"3A-ordinary-present"	"2"	"2"	"1"	"1"	"0"	"1"	"1"	"ST03-07:ability:enter:629a2d1a4ab94c1d;ST03-07:ability:active:0d4ebc1a2ab8b128"	"ST03-07:ability:enter:629a2d1a4ab94c1d"
"ST03-08"	"渴求死亡的勇士"	"legion"	"non-3A-only"	"1"	"0"	"0"	"0"	"0"	"0"	"1"	""	"ST03-08:ability:continuous:7ffc6ec471452fc7"
"ST03-09"	"英灵殿勇士"	"legion"	"no-structured-ability"	"0"	"0"	"0"	"0"	"0"	"0"	"0"	""	""
"ST03-10"	"传奇的血脉"	"tactic"	"3A-entry-with-deferred-semantics"	"1"	"1"	"0"	"0"	"1"	"0"	"1"	"ST03-10:ability:play:9c7331d3ea2cdebb"	"ST03-10:ability:play:9c7331d3ea2cdebb"
"ST03-M1"	"西芙"	"master"	"3A-entry-with-deferred-semantics"	"1"	"1"	"0"	"1"	"1"	"0"	"1"	"ST03-M1:ability:active:62825471d656acbb"	"ST03-M1:ability:active:62825471d656acbb"
"ST04-01"	"森可成"	"legion"	"non-3A-only"	"3"	"0"	"0"	"0"	"0"	"0"	"0"	""	""
"ST04-02"	"佐佐木小次郎"	"legion"	"3A-entry-with-deferred-semantics"	"2"	"2"	"0"	"0"	"1"	"1"	"2"	"ST04-02:ability:attack:4aeae02df8a46a52;ST04-02:ability:death:90cbed3b7337eee3"	"ST04-02:ability:attack:4aeae02df8a46a52;ST04-02:ability:death:90cbed3b7337eee3"
"ST04-03"	"侍大将"	"legion"	"3A-ordinary-present"	"1"	"1"	"1"	"0"	"0"	"0"	"0"	"ST04-03:ability:enter:398588321106818e"	""
"ST04-04"	"甲斐姬"	"legion"	"3A-entry-with-deferred-semantics"	"1"	"1"	"0"	"0"	"0"	"0"	"1"	"ST04-04:ability:enter:8fa5e48afc1906a6"	"ST04-04:ability:enter:8fa5e48afc1906a6"
"ST04-05"	"近藤勇"	"legion"	"non-3A-only"	"1"	"0"	"0"	"0"	"0"	"0"	"1"	""	"ST04-05:ability:opponent-turn-lethal:133419b5471f0097"
"ST04-06"	"吉原的花魁"	"legion"	"3A-entry-with-deferred-semantics"	"1"	"1"	"0"	"1"	"1"	"0"	"1"	"ST04-06:ability:active:8f6b1b9dfc246e36"	"ST04-06:ability:active:8f6b1b9dfc246e36"
"ST04-07"	"木下藤吉郎"	"legion"	"non-3A-only"	"2"	"0"	"0"	"0"	"0"	"0"	"0"	""	""
"ST04-08"	"无名的武士"	"legion"	"no-structured-ability"	"0"	"0"	"0"	"0"	"0"	"0"	"0"	""	""
"ST04-09"	"野猪王"	"legion"	"3A-ordinary-present"	"1"	"1"	"1"	"0"	"0"	"0"	"0"	"ST04-09:ability:enter:c3d7bde060b4a77f"	""
"ST04-10"	"侵略如火"	"tactic"	"3A-entry-with-deferred-semantics"	"2"	"1"	"0"	"0"	"1"	"0"	"2"	"ST04-10:ability:play:b17a4a336dbbbe35"	"ST04-10:ability:continuous:2a1c905931cd7b32;ST04-10:ability:play:b17a4a336dbbbe35"
"ST04-M1"	"迦具土"	"master"	"3A-entry-with-deferred-semantics"	"1"	"1"	"0"	"1"	"0"	"1"	"1"	"ST04-M1:ability:legion-attack-timing:30752d1d1028362e"	"ST04-M1:ability:legion-attack-timing:30752d1d1028362e"
"ST05-01"	"埃涅阿斯·晋升"	"legion"	"3A-entry-with-deferred-semantics"	"1"	"1"	"0"	"0"	"1"	"1"	"1"	"ST05-01:ability:promotion-enter:f315c7f28cfe179a"	"ST05-01:ability:promotion-enter:f315c7f28cfe179a"
"ST05-02"	"特洛伊勇士"	"legion"	"no-structured-ability"	"0"	"0"	"0"	"0"	"0"	"0"	"0"	""	""
"ST05-03"	"珀涅罗珀"	"legion"	"3A-entry-with-deferred-semantics"	"2"	"1"	"0"	"1"	"1"	"1"	"1"	"ST05-03:ability:enter:bf56abfff5fc5e94"	"ST05-03:ability:enter:bf56abfff5fc5e94"
"ST05-04"	"美狄亚"	"legion"	"3A-ordinary-present"	"2"	"1"	"1"	"0"	"0"	"1"	"0"	"ST05-04:ability:enter:144b29e0405606a2"	""
"ST05-05"	"愤怒的公牛"	"legion"	"no-structured-ability"	"0"	"0"	"0"	"0"	"0"	"0"	"0"	""	""
"ST05-06"	"特勒马科斯"	"legion"	"3A-entry-with-deferred-semantics"	"1"	"1"	"0"	"1"	"1"	"0"	"1"	"ST05-06:ability:active:cc5d71f55d3a253f"	"ST05-06:ability:active:cc5d71f55d3a253f"
"ST05-07"	"安提诺乌斯"	"legion"	"3A-ordinary-present"	"1"	"1"	"1"	"0"	"1"	"1"	"0"	"ST05-07:ability:enter:3e777b4d7b93e218"	""
"ST05-08"	"希帕蒂娅"	"legion"	"3A-ordinary-present"	"2"	"1"	"1"	"0"	"0"	"0"	"0"	"ST05-08:ability:enter:c25e438ab6938fb8"	""
"ST05-09"	"美杜莎"	"legion"	"3A-ordinary-present"	"2"	"1"	"1"	"0"	"0"	"0"	"0"	"ST05-09:ability:attack:951ab40e312cca17"	""
"ST05-10"	"猎神的赐福"	"tactic"	"3A-entry-with-deferred-semantics"	"1"	"1"	"0"	"0"	"1"	"0"	"1"	"ST05-10:ability:play:71016c4f4c920ea2"	"ST05-10:ability:play:71016c4f4c920ea2"
"ST05-M1"	"雅典娜"	"master"	"3A-entry-with-deferred-semantics"	"1"	"1"	"0"	"1"	"1"	"0"	"1"	"ST05-M1:ability:active:b1f11ab05f68dda0"	"ST05-M1:ability:active:b1f11ab05f68dda0"
"ST06-01"	"伊丽莎白一世"	"legion"	"3A-entry-with-deferred-semantics"	"2"	"1"	"0"	"0"	"1"	"0"	"2"	"ST06-01:ability:enter:40f50e42ba982305"	"ST06-01:ability:continuous:3ced1d4d38141877;ST06-01:ability:enter:40f50e42ba982305"
"ST06-02"	"森林魁熊"	"legion"	"non-3A-only"	"2"	"0"	"0"	"0"	"0"	"0"	"0"	""	""
"ST06-03"	"加雷斯"	"legion"	"3A-ordinary-present"	"2"	"2"	"1"	"0"	"0"	"2"	"1"	"ST06-03:ability:enter:1775bb55f896a6fc;ST06-03:ability:after-attack:7a77bba666481ed8"	"ST06-03:ability:after-attack:7a77bba666481ed8"
"ST06-04"	"莫德雷德"	"legion"	"3A-entry-with-deferred-semantics"	"3"	"2"	"0"	"0"	"1"	"0"	"2"	"ST06-04:ability:enter:8dd378e7c1342c6e;ST06-04:ability:death:4aff670fce04a56c"	"ST06-04:ability:enter:8dd378e7c1342c6e;ST06-04:ability:death:4aff670fce04a56c"
"ST06-05"	"栖木猎鹰"	"legion"	"3A-ordinary-present"	"2"	"2"	"2"	"0"	"0"	"2"	"0"	"ST06-05:ability:enter:f3fa11bf004dd4f4;ST06-05:ability:attack:22988d3e110f3200"	""
"ST06-06"	"费奥纳的骑士"	"legion"	"3A-ordinary-present"	"2"	"2"	"1"	"0"	"0"	"1"	"1"	"ST06-06:ability:enter:aba70ffd44c3b9ee;ST06-06:ability:death:5ce0a0860c35273d"	"ST06-06:ability:death:5ce0a0860c35273d"
"ST06-07"	"布狄卡"	"legion"	"3A-entry-with-deferred-semantics"	"1"	"1"	"0"	"0"	"1"	"0"	"1"	"ST06-07:ability:enter:8f17b66055b5375c"	"ST06-07:ability:enter:8f17b66055b5375c"
"ST06-08"	"纯白的灵鹿"	"legion"	"3A-ordinary-present"	"1"	"1"	"1"	"0"	"0"	"1"	"0"	"ST06-08:ability:enter:f57a0cd8aab105c3"	""
"ST06-09"	"光之剑"	"artifact"	"3A-ordinary-present"	"2"	"2"	"1"	"1"	"2"	"1"	"1"	"ST06-09:ability:enter:9cab8d75151c4679;ST06-09:ability:active:e533dbf15f08cea0"	"ST06-09:ability:enter:9cab8d75151c4679"
"ST06-10"	"自然馈赠"	"tactic"	"3A-entry-with-deferred-semantics"	"1"	"1"	"0"	"0"	"0"	"0"	"1"	"ST06-10:ability:play:a7a7df602ed2165b"	"ST06-10:ability:play:a7a7df602ed2165b"
"ST06-M1"	"银臂努阿达"	"master"	"3A-entry-with-deferred-semantics"	"2"	"2"	"0"	"1"	"2"	"1"	"2"	"ST06-M1:ability:rune-spent:b36eeb46f9825a4c;ST06-M1:ability:active:550b3d9a69e113e8"	"ST06-M1:ability:rune-spent:b36eeb46f9825a4c;ST06-M1:ability:active:550b3d9a69e113e8"
"ST06-S1"	"探寻天空之城"	"trial"	"3A-entry-with-deferred-semantics"	"2"	"2"	"0"	"0"	"0"	"0"	"2"	"ST06-S1:ability:trial-complete:0b7f57a9cd62248a;ST06-S1:ability:active:6251a3b114da92d4"	"ST06-S1:ability:trial-complete:0b7f57a9cd62248a;ST06-S1:ability:active:6251a3b114da92d4"
"ST-DS01"	"怒触不周山"	"destruction"	"3A-entry-with-deferred-semantics"	"1"	"1"	"0"	"0"	"0"	"0"	"1"	"ST-DS01:ability:disaster:0c65265cbaf95168"	"ST-DS01:ability:disaster:0c65265cbaf95168"
"ST-DS02"	"色欲之罪"	"destruction"	"non-3A-only"	"1"	"0"	"0"	"0"	"0"	"0"	"1"	""	"ST-DS02:ability:continuous:88bf24739956a581"
"ST-DS03"	"邪眼末日"	"destruction"	"3A-entry-with-deferred-semantics"	"1"	"1"	"0"	"1"	"1"	"0"	"1"	"ST-DS03:ability:disaster:e661737a9a1faebe"	"ST-DS03:ability:disaster:e661737a9a1faebe"
"ST01-C1"	"士气·天廷"	"rune"	"non-3A-only"	"2"	"0"	"0"	"0"	"0"	"0"	"0"	""	""
"ST02-C1"	"士气·太阳城"	"rune"	"non-3A-only"	"2"	"0"	"0"	"0"	"0"	"0"	"0"	""	""
"ST03-C1"	"士气·阿斯加德"	"rune"	"non-3A-only"	"1"	"0"	"0"	"0"	"0"	"0"	"0"	""	""
"ST04-C1"	"士气·高天原"	"rune"	"non-3A-only"	"1"	"0"	"0"	"0"	"0"	"0"	"0"	""	""
"ST05-C1"	"士气·奥林匹斯"	"rune"	"non-3A-only"	"1"	"0"	"0"	"0"	"0"	"0"	"0"	""	""
"ST06-C1"	"士气·彼界"	"rune"	"non-3A-only"	"1"	"0"	"0"	"0"	"0"	"0"	"0"	""	""
