file	line	kind	declaration_key	is_cost_selection	scope	review_cue_not_semantics	step_text_prefix
服务端WebSocket/TwelveLegions/L12ActiveAbilities.cs	171	option	mode	false	3A-direct	candidate-review	梅杰德（信仰狂热者）：选择降低兵力的幅度；士气与额外休整陵墓守卫的消耗均被忽视
服务端WebSocket/TwelveLegions/L12ActiveAbilities.cs	182	active-target	target	false	3A-direct	-	梅杰德：选择本回合降低兵力的对方军团
服务端WebSocket/TwelveLegions/L12EffectGeneratedPlay.cs	49	slot	entrySlot	false	later-or-shared	candidate-review	{reason}：预先声明〈{card.Name}〉无需消耗费用登场的位置
服务端WebSocket/TwelveLegions/L12PostResolutionGeneratedEffects.cs	58	enemy-legion	target	false	later-or-shared	-	托勒密十三世：为再次发动的〈{source.Name}〉效果声明目标
服务端WebSocket/TwelveLegions/L12RuleKernelIntegration.cs	124	active-target	-	false	3A-direct	-	-
服务端WebSocket/TwelveLegions/L12RuleKernelIntegration.cs	144	active-target	-	false	3A-direct	-	-
服务端WebSocket/TwelveLegions/L12RuleKernelIntegration.cs	150	active-target	-	false	3A-direct	-	-
服务端WebSocket/TwelveLegions/L12RuleKernelIntegration.cs	163	-	-	false	3A-direct	-	-
服务端WebSocket/TwelveLegions/L12RuleKernelIntegration.cs	207	grave-faction-count	-	false	3A-direct	-	{GraveSelectionHeading(graveSelection.DeclarationKey)}：选择〈渴求死亡的勇士〉本次视为几张{(graveSelection.LegionCardsOnly ?
服务端WebSocket/TwelveLegions/L12RuleKernelIntegration.cs	232	composite-ordinary-payment	prideMasterSurcharge	true	3A-direct	candidate-review	〈傲慢之罪〉：主宰发动效果需额外支付1士气
服务端WebSocket/TwelveLegions/L12RuleKernelIntegration.cs	2340	option	-	false	3A-direct	-	拼死反抗：预先声明结算方式与合法目标
服务端WebSocket/TwelveLegions/L12RuleKernelIntegration.cs	2374	unused-slot	-	false	3A-direct	-	选择〈陵墓守卫〉位移后的位置
服务端WebSocket/TwelveLegions/L12RuleKernelIntegration.cs	2388	unused-slot	entrySlot	false	3A-direct	-	选择〈勇士比约恩〉休整登场的位置
服务端WebSocket/TwelveLegions/L12RuleKernelIntegration.cs	2406	unused-slot	-	false	3A-direct	-	选择该军团活跃登场的位置
服务端WebSocket/TwelveLegions/L12S1ExtendedEffects.cs	654	card	entryCard	false	3A-direct	-	西施：选择手牌中最多 1 张兵力不高于 2000 的其他军团
服务端WebSocket/TwelveLegions/L12S1ExtendedEffects.cs	664	effect-entry-battlefield	entryBattlefield	false	3A-direct	-	西施：选择该军团活跃登场的战场
服务端WebSocket/TwelveLegions/L12S1ExtendedEffects.cs	670	prospective-entry-slot	entrySlot	false	3A-direct	-	西施：预先选择该军团活跃登场的位置
服务端WebSocket/TwelveLegions/L12S1FactionEffects.cs	728	active-target	-	false	3A-direct	-	安卡神碑：选择我方1张休整的陵墓守卫
服务端WebSocket/TwelveLegions/L12S1FactionEffects.cs	734	card	-	true	3A-direct	candidate-review	安卡神碑：选择弃置的1张手牌
服务端WebSocket/TwelveLegions/L12S1FactionEffects.cs	765	enemy-unselected-required	-	false	3A-direct	-	英灵殿：选择对方1张兵力不高于1000的军团
服务端WebSocket/TwelveLegions/L12S1FactionEffects.cs	775	enemy-unselected-required	-	false	3A-direct	-	英灵殿：选择另一张兵力不高于5000的军团
服务端WebSocket/TwelveLegions/L12S1FactionEffects.cs	793	card	-	false	3A-direct	-	瓦尔基里：选择墓地2张牌
服务端WebSocket/TwelveLegions/L12S1FactionEffects.cs	798	declared-card	-	false	3A-direct	-	瓦尔基里：选择其中1张加入手牌，另1张返回牌库底部
服务端WebSocket/TwelveLegions/L12S1FactionEffects.cs	818	option	-	false	3A-direct	candidate-review	梅杰德：消耗1士气，使对方1张军团本回合兵力-1000；若额外休整我方1张〈陵墓守卫〉，则改为兵力-3000
服务端WebSocket/TwelveLegions/L12S1FactionEffects.cs	828	active-target	-	true	3A-direct	-	梅杰德：选择额外休整的1张活跃〈陵墓守卫〉
服务端WebSocket/TwelveLegions/L12S1FactionEffects.cs	836	active-target	-	false	3A-direct	-	梅杰德：选择本回合降低兵力的对方军团
服务端WebSocket/TwelveLegions/L12S2FactionEffects.cs	1040	active-target	-	true	3A-direct	candidate-review	奈芙蒂斯：选择我方战场任意数量的军团弃置
服务端WebSocket/TwelveLegions/L12S2FactionEffects.cs	1060	grave-card	-	false	3A-direct	-	彼界 阿瓦隆：选择墓地1张军团加入手牌
服务端WebSocket/TwelveLegions/L12S2FactionEffects.cs	1061	grave-card	-	false	3A-direct	-	彼界 阿瓦隆：选择墓地1张战术加入手牌
服务端WebSocket/TwelveLegions/L12S2FactionEffects.cs	1122	active-target	-	false	3A-direct	-	莫瑞甘：选择我方1张【彼界】军团，本回合其下一次击杀对方军团后转为活跃
服务端WebSocket/TwelveLegions/L12S2FactionEffects.cs	1131	option	-	false	3A-direct	candidate-review	彼界阵营效果：选择效果
服务端WebSocket/TwelveLegions/L12S2FactionEffects.cs	1160	option	mode	false	3A-direct	candidate-review	梅林：选择效果
服务端WebSocket/TwelveLegions/L12S2FactionEffects.cs	1176	active-target	target	false	3A-direct	-	梅林：预先选择对方1张军团
服务端WebSocket/TwelveLegions/L12S2FactionEffects.cs	1196	option	healMode	false	3A-direct	-	加拉哈德：预先声明抽牌后是否使我方主宰增加1点血量
服务端WebSocket/TwelveLegions/L12S2FactionEffects.cs	1220	grave-card	graveCard	false	3A-direct	-	黄金圣甲虫：选择墓地1张〈增殖的甲虫〉
服务端WebSocket/TwelveLegions/L12S2FactionEffects.cs	1226	slot	entrySlot	false	3A-direct	-	黄金圣甲虫：选择该军团活跃登场的位置
服务端WebSocket/TwelveLegions/L12S2FactionEffects.cs	1241	hand-card	-	true	3A-direct	candidate-review	黄金圣甲虫：选择弃置的1张手牌
服务端WebSocket/TwelveLegions/L12S2FactionEffects.cs	1246	active-target	-	false	3A-direct	-	黄金圣甲虫：选择对方最多2张军团，本回合兵力-1000
服务端WebSocket/TwelveLegions/L12S2FactionEffects.cs	1264	active-target	-	false	3A-direct	-	八尺琼勾玉：选择我方1张活跃军团
服务端WebSocket/TwelveLegions/L12S2FactionEffects.cs	1270	cavalry-slot	-	false	3A-direct	-	八尺琼勾玉：选择该军团进行骑兵位移后的空位
服务端WebSocket/TwelveLegions/L12S2FactionEffects.cs	1309	active-target	-	false	3A-direct	-	选择我方1张〈芬恩〉或原本兵力不高于4000的【彼界】军团转为活跃
服务端WebSocket/TwelveLegions/L12S2FactionEffects.cs	1320	active-target	-	false	3A-direct	-	选择我方1张【试炼军团】，本回合下一次进攻无损
服务端WebSocket/TwelveLegions/L12S2FactionEffects.cs	1330	active-target	-	false	3A-direct	-	选择我方1张〈狮心王理查一世〉
服务端WebSocket/TwelveLegions/L12S2FactionEffects.cs	1340	hand-card	-	true	3A-direct	candidate-review	选择弃置的1张手牌
服务端WebSocket/TwelveLegions/L12S2FactionEffects.cs	1341	grave-card	-	false	3A-direct	-	选择墓地1张只有【彼界】特征的卡牌加入手牌
服务端WebSocket/TwelveLegions/L12S2RemainingEffects.cs	26	slot	-	false	3A-direct	-	雷神之锤：预先选择活跃登场的位置
服务端WebSocket/TwelveLegions/L12S2RemainingEffects.cs	38	active-target	returnCost	true	3A-direct	candidate-review	孙悟空：选择返还2至8张士气
服务端WebSocket/TwelveLegions/L12S2RemainingEffects.cs	49	slot	entrySlot	false	3A-direct	-	孙悟空：预先选择前排活跃登场位置
服务端WebSocket/TwelveLegions/L12S2RemainingEffects.cs	87	option	paymentMode	false	3A-direct	candidate-review	阿尔忒弥斯：选择支付方式
服务端WebSocket/TwelveLegions/L12S2RemainingEffects.cs	99	hand-card	discardCost	true	3A-direct	candidate-review	阿尔忒弥斯：选择弃置的1张手牌
服务端WebSocket/TwelveLegions/L12S2RemainingEffects.cs	105	field-legion	buffTarget	false	3A-direct	-	阿尔忒弥斯：选择我方1张【奥林匹斯】军团
服务端WebSocket/TwelveLegions/L12S2RemainingEffects.cs	111	option	buffMode	false	3A-direct	-	阿尔忒弥斯：选择获得强攻或震击
服务端WebSocket/TwelveLegions/L12S2RemainingEffects.cs	129	hand-card	-	true	3A-direct	candidate-review	希波吕忒：选择弃置1张手牌
服务端WebSocket/TwelveLegions/L12S2RemainingEffects.cs	130	grave-card	-	false	3A-direct	candidate-review	选择墓地1张费用不高于4的【奥林匹斯】军团
服务端WebSocket/TwelveLegions/L12S2RemainingEffects.cs	131	slot	-	false	3A-direct	-	选择该军团活跃登场的位置
服务端WebSocket/TwelveLegions/L12S2UniversalEffects.cs	196	option	-	false	later-or-shared	-	神农鼎：选择要重置使用次数的主宰效果
服务端WebSocket/TwelveLegions/L12StarterRemainingEffects.cs	27	enemy-legion	enemyTarget	false	3A-direct	-	吉原的花魁：选择本回合兵力-1000的对方军团
服务端WebSocket/TwelveLegions/L12StarterRemainingEffects.cs	28	field-legion	ownTarget	false	3A-direct	-	吉原的花魁：选择本回合兵力+1000的我方军团
服务端WebSocket/TwelveLegions/L12StarterRemainingEffects.cs	40	option	mode	false	3A-direct	candidate-review	光之剑：选择1项效果
服务端WebSocket/TwelveLegions/L12StarterRemainingEffects.cs	41	hand-card	discardCost	true	3A-direct	candidate-review	光之剑：选择弃置的1张手牌
服务端WebSocket/TwelveLegions/L12StarterRemainingEffects.cs	42	field-legion	buffTarget	false	3A-direct	-	光之剑：选择本回合兵力+2000的我方前排【彼界】军团
服务端WebSocket/TwelveLegions/L12StarterRemainingEffects.cs	59	grave-card	entryCard	false	3A-direct	-	荷鲁斯（信仰狂热者）：选择墓地1张兵力不高于2000的【太阳城】军团休整登场（X/1）
服务端WebSocket/TwelveLegions/L12StarterRemainingEffects.cs	66	slot	entrySlot	false	3A-direct	-	荷鲁斯：选择休整登场位置
服务端WebSocket/TwelveLegions/L12StarterRemainingEffects.cs	83	option	mode	false	3A-direct	candidate-review	荷鲁斯：选择费用支付方式
服务端WebSocket/TwelveLegions/L12StarterRemainingEffects.cs	96	field-legion-cost	fieldCosts	true	3A-direct	candidate-review	荷鲁斯：选择弃置的2张〈陵墓守卫〉（X/2）
服务端WebSocket/TwelveLegions/L12StarterRemainingEffects.cs	104	composite-ordinary-payment	moraleCost	true	3A-direct	candidate-review	荷鲁斯：支付费用——消耗1士气
服务端WebSocket/TwelveLegions/L12StarterRemainingEffects.cs	113	field-legion-cost	fieldCosts	true	3A-direct	candidate-review	荷鲁斯：支付费用——弃置我方战场2张军团（X/2）
服务端WebSocket/TwelveLegions/L12StarterRemainingEffects.cs	121	prospective-grave-card	entryCard	false	3A-direct	-	荷鲁斯：选择墓地1张兵力不高于2000的【太阳城】军团休整登场（X/1）
服务端WebSocket/TwelveLegions/L12StarterRemainingEffects.cs	129	prospective-entry-slot	entrySlot	false	3A-direct	-	荷鲁斯：选择休整登场位置
服务端WebSocket/TwelveLegions/L12StarterRemainingEffects.cs	155	hand-card	discardCost	true	3A-direct	candidate-review	雅典娜：选择弃置的1张手牌
服务端WebSocket/TwelveLegions/L12StarterRemainingEffects.cs	156	target-morale	flipTarget	false	3A-direct	-	雅典娜：选择翻转的1张士气
服务端WebSocket/TwelveLegions/L12StarterRemainingEffects.cs	157	field-legion	buffTargets	false	3A-direct	-	雅典娜：选择我方前排最多2张奥林匹斯军团
服务端WebSocket/TwelveLegions/L12StarterRemainingEffects.cs	163	option	mode	false	3A-direct	-	特勒马科斯：主动休整，查看牌库顶部3张牌，可选择其中1张【远程】军团或【奥林匹斯】战术卡，展示并加入手牌，其余卡牌自选顺序全部返回牌库顶部或全部返回牌库底部。
服务端WebSocket/TwelveLegions/L12StarterRemainingEffects.cs	178	target-morale	readyTargets	false	3A-direct	-	银臂努阿达：选择转为活跃的最多2张士气
服务端WebSocket/TwelveLegions/L12StarterRemainingEffects.cs	694	resource-payment	moraleCost	true	3A-direct	candidate-review	迦具土：选择用于支付1士气的资源
服务端WebSocket/TwelveLegions/L12StarterRemainingEffects.cs	1065	hand-card	discardCost	true	3A-direct	candidate-review	色欲之罪：选择弃置1张手牌以发动进攻
服务端WebSocket/TwelveLegions/L12TrialAdvanceEffectPlans.cs	66	option	mode	false	later-or-shared	-	试炼推进事件
